STT,Category,Content,Article_IDs,full_answer,full_retrieved,full_hit@10,full_mrr
13,"Loại 6: Giải thể & Phá sản - Thủ tục, thanh toán nợ, tạm ngưng",Công ty e thành lập 2023 nhưng chưa phát sinh DT gì cả. Bây giờ muốn giải thể cty. Ac cho e hỏi chút e cần làm những bước gì ạ. Em cảm ơn ạ,59-2020-QH14:d207;59-2020-QH14:d208;59-2020-QH14:d210,"# TƯ VẤN PHÁP LỤC VỀ GIẢI THỂ CÔNG TY

## 1. XÁC ĐỊNH VẤN ĐỀ PHÁP LỤC

Em đang đặt câu hỏi về các bước thực hiện giải thể công ty trách nhiệm hữu hạn (LLC) khi công ty chưa phát sinh doanh thu. Đây là vấn đề liên quan đến thủ tục, trình tự và các giấy tờ cần thiết để hoàn tất quá trình giải thể doanh nghiệp theo luật pháp Việt Nam.

## 2. CĂN CỨ PHÁP LUẬT

Căn cứ **Điều 207, 208, 210** của **Luật Doanh nghiệp 59/2020/QH14** và **Điều 64** của **Nghị định 168/2025/NĐ-CP**, tôi hướng dẫn chi tiết như sau:

## 3. PHÂN TÍCH VÀ HƯỚNG DẪN THỰC HIỆN

### **Bước 1: Kiểm tra điều kiện giải thể**

Em cần đảm bảo doanh nghiệp đáp ứng điều kiện giải thể. Vì công ty em chưa phát sinh doanh thu, điều này thuận lợi vì:
- Công ty chắc chắn đã thanh toán hết các khoản nợ (vì chưa có hoạt động kinh tế)
- Không trong quá trình tranh chấp tại Tòa án hoặc Trọng tài

### **Bước 2: Thông qua Nghị quyết/Quyết định giải thể**

Em phải thông qua **Nghị quyết giải thể** từ **Hội đồng thành viên** (nếu công ty LLC từ 2 thành viên trở lên) hoặc **Quyết định của chủ sở hữu** (nếu LLC một thành viên).

Nghị quyết/Quyết định **bắt buộc phải bao gồm:**
- Tên, địa chỉ trụ sở chính của công ty
- Lý do giải thể
- Thời hạn, thủ tục thanh lý hợp đồng và thanh toán nợ
- Phương án xử lý nghĩa vụ phát sinh từ hợp đồng lao động (nếu có nhân viên)
- Chữ ký của Chủ tịch Hội đồng thành viên/chủ sở hữu

### **Bước 3: Gửi giấy tờ lên Cơ quan đăng ký kinh doanh (7 ngày)**

Trong vòng **7 ngày làm việc** kể từ khi thông qua Nghị quyết/Quyết định, em gửi đến **Cơ quan đăng ký kinh doanh cấp tỉnh** (nơi công ty đặt trụ sở chính) các giấy tờ:

1. **Nghị quyết/Quyết định giải thể** (bản chính hoặc bản sao được xác thực)
2. **Biên bản họp** Hội đồng thành viên
3. **Phương án giải quyết nợ** (nếu có nợ - trong trường hợp em chưa có doanh thu, nếu không có nợ nào thì không cần)

### **Bước 4: Công khai giải thể**

Cơ quan đăng ký kinh doanh sẽ:
- Đăng tải Nghị quyết/Quyết định trên Cổng thông tin quốc gia về đăng ký doanh nghiệp
- Thông báo tình trạng ""đang làm thủ tục giải thể"" trên hệ thống
- Chuyển thông tin cho Cơ quan thuế

### **Bước 5: Thanh lý tài sản và thanh toán nợ**

Hội đồng thành viên/chủ sở hữu công ty **trực tiếp tổ chức thanh lý** tài sản công ty (nếu có) và **thanh toán hết các khoản nợ** (nếu có). Thứ tự ưu tiên thanh toán nợ:

1. Nợ lương, trợ cấp thôi việc, bảo hiểm xã hội, bảo hiểm y tế, bảo hiểm thất nghiệp của người lao động
2. Nợ thuế
3. Các khoản nợ khác

Phần còn lại sau khi trừ chi phí giải thể sẽ chia cho các thành viên theo tỷ lệ vốn góp.

### **Bước 6: Nộp hồ sơ giải thể chính thức (5 ngày)**

Sau khi **thanh toán hết nợ**, em gửi hồ sơ giải thể chính thức đến Cơ quan đăng ký kinh doanh trong vòng **5 ngày làm việc**, bao gồm:

1. **Thông báo về giải thể doanh nghiệp**
2. **Báo cáo thanh lý tài sản** công ty
3. **Danh sách chủ nợ và số nợ đã thanh toán** (bao gồm nợ thuế, bảo hiểm xã hội - nếu có)

### **Bước 7: Cơ quan đăng ký kinh doanh xác nhận giải thể**

Cơ quan đăng ký kinh doanh sẽ:
- Gửi thông tin cho Cơ quan thuế để xác nhận em đã hoàn thành nghĩa vụ thuế (2 ngày làm việc)
- Chuyển tình trạng công ty sang ""**Đã giải thể**"" trong Cơ sở dữ liệu quốc gia (5 ngày làm việc từ khi nhận hồ sơ)

### **Bước 8: Trả con dấu (nếu có)**

Nếu công ty đã đăng ký mẫu con dấu tại cơ quan công an, em phải trả con dấu và Giấy chứng nhận mẫu con dấu cho cơ quan công an.

## 4. KẾT LUẬN

**Tóm tắt các bước em cần làm:**

1. **Thông qua Nghị quyết/Quyết định giải thể** từ Hội đồng thành viên hoặc chủ sở hữu
2. **Gửi giấy tờ** (Nghị quyết, Biên bản họp) lên Cơ quan đăng ký kinh doanh **trong 7 ngày**
3. **Thanh lý tài sản** và **thanh toán nợ** (trong trường hợp em không có doanh thu, bước này khá đơn giản)
4. **Nộp hồ sơ giải thể chính thức** (Thông báo, Báo cáo thanh lý, Danh sách chủ nợ) **trong 5 ngày** sau khi thanh toán hết nợ
5. **Chờ xác nhận** từ Cơ quan đăng ký kinh doanh (khoảng 5 ngày làm việc)
6. **Trả con dấu** (nếu có)

Vì công ty chưa phát sinh doanh thu, quá trình này tương đối nhanh - ước tính **khoảng 3-4 tuần** để hoàn tất.

---

**Căn cứ pháp lý:** Điều 207 Khoản 1 và 2; Điều 208 Khoản 1-9; Điều 210 Khoản 1-3 (Luật Doanh nghiệp 59/2020/QH14); Điều 64 (Nghị định 168/2025/NĐ-CP).",59-2020-QH14:d207;59-2020-QH14:d208;59-2020-QH14:d210;59-2020-QH14:d211;168-2025-ND:d64;168-2025-ND:d78;168-2025-ND:d70;168-2025-ND:d17;59-2020-QH14:d55;23-2022-ND:d13,1,1.0
36,"Loại 5: Hộ kinh doanh - Đăng ký, thay đổi, chuyển đổi HKD","Anh, chị cho em hỏi trường hợp chuyển đổi từ HKD thành Công ty TNHH MTV mà ở 2 quận khác nhau
thì cần những hs gì vậy ạ
Em cảm ơn ạ
Anh, chị cho em hỏi trường hợp chuyển đổi từ HKD thành Công ty TNHH MTV mà ở 2 quận khác nhau
thì cần những hs gì vậy ạ
Em cảm ơn ạ",59-2020-QH14:d21;59-2020-QH14:d74;59-2020-QH14:d26,"# PHÂN TÍCH PHÁP LÝ VÀ TƯ VẤN

## I. XÁC ĐỊNH VẤN ĐỀ PHÁP LÝ

Anh/Chị đang hỏi về hồ sơ cần thiết để chuyển đổi từ Hộ Kinh Doanh (HKD) thành Công ty Trách Nhiệm Hữu Hạn Một Thành Viên (Công ty TNHH MTV), trong trường hợp HKD và công ty sau chuyển đổi đặt trụ sở ở hai quận khác nhau.

## II. CĂN CỨ PHÁP LUẬT

Căn cứ **Điều 27 Nghị định 168/2025/NĐ-CP** (Quy định về đăng ký doanh nghiệp) và **Điều 205 Luật Doanh Nghiệp 59/2020/QH14** (Quy định về chuyển đổi hộ kinh doanh thành doanh nghiệp).

## III. PHÂN TÍCH ÁP DỤNG

### 1. **Cơ quan tiếp nhận hồ sơ**

Theo **Điều 27 Khoản 1 Nghị định 168/2025/NĐ-CP**, việc đăng ký thành lập doanh nghiệp trên cơ sở chuyển đổi từ hộ kinh doanh thực hiện tại **Cơ quan đăng ký kinh doanh cấp tỉnh nơi doanh nghiệp dự định đặt trụ sở chính**.

Điều này có nghĩa rằng, nếu công ty TNHH MTV sau chuyển đổi sẽ đặt trụ sở tại quận khác với quận nơi HKD hiện đặt trụ sở, anh/chị phải nộp hồ sơ tại **Sở Kế hoạch và Đầu tư (hoặc Phòng Đăng ký kinh doanh) cấp tỉnh** nơi doanh nghiệp mới sẽ đặt trụ sở.

### 2. **Hồ sơ cần chuẩn bị**

Theo **Điều 27 Khoản 2 Nghị định 168/2025/NĐ-CP**, hồ sơ đăng ký thành lập doanh nghiệp trên cơ sở chuyển đổi từ hộ kinh doanh bao gồm:

**a) Bản sao Giấy chứng nhận đăng ký hộ kinh doanh** hiện tại của anh/chị

**b) Các giấy tờ quy định tại Điều 24 Khoản 3 Nghị định 168/2025/NĐ-CP** (dành cho Công ty TNHH MTV), bao gồm:
- Giấy tờ pháp lý của chủ sở hữu (nếu không kê khai số định danh cá nhân)
- Điều lệ công ty
- Thỏa thuận góp vốn (nếu có)
- Các giấy tờ khác theo yêu cầu

**c) Các giấy tờ bổ sung** theo **Điều 26 Khoản 1 Nghị định 168/2025/NĐ-CP**:
- **Cam kết bằng văn bản** của chủ hộ kinh doanh về việc chịu trách nhiệm cá nhân bằng toàn bộ tài sản đối với tất cả khoản nợ chưa thanh toán và cam kết thanh toán đủ số nợ khi đến hạn
- **Thỏa thuận bằng văn bản** với các bên của hợp đồng chưa thanh lý về việc công ty tiếp nhận và tiếp tục thực hiện các hợp đồng đó
- **Cam kết bằng văn bản hoặc thỏa thuận bằng văn bản** với các thành viên góp vốn khác về việc tiếp nhận và sử dụng lao động hiện có (nếu có lao động)

### 3. **Chuyện gì xảy ra với HKD cũ**

Theo **Điều 27 Khoản 3 và 4 Nghị định 168/2025/NĐ-CP**, sau khi công ty TNHH MTV được cấp Giấy chứng nhận đăng ký doanh nghiệp:
- HKD cũ **tự động chấm dứt hoạt động**
- Cơ quan đăng ký kinh doanh cấp xã (nơi HKD đặt trụ sở) sẽ gửi thông tin cho cơ quan thuế
- Hộ kinh doanh phải hoàn thành nghĩa vụ thuế để được xác nhận chấm dứt hoạt động

## IV. KẾT LUẬN

**Hồ sơ chuyển đổi từ HKD thành Công ty TNHH MTV gồm:**

1. Bản sao Giấy chứng nhận đăng ký HKD
2. Các giấy tờ thành lập Công ty TNHH MTV (Điều lệ, thỏa thuận góp vốn nếu có)
3. Cam kết chịu trách nhiệm nợ cũ bằng văn bản
4. Thỏa thuận với các bên hợp đồng chưa thanh lý (nếu có)
5. Thỏa thuận/cam kết về nhân sự (nếu có lao động)

**Trụ sở đăng ký:** Nộp tại Sở Kế hoạch và Đầu tư (cấp tỉnh) nơi công ty mới sẽ đặt trụ sở, không liên quan đến quận nơi HKD cũ đặt trụ sở.

---

**Căn cứ pháp lý:**
- Điều 27 Nghị định 168/2025/NĐ-CP
- Điều 26 Nghị định 168/2025/NĐ-CP
- Điều 24 Khoản 3 Nghị định 168/2025/NĐ-CP
- Điều 205 Luật Doanh Nghiệp 59/2020/QH14",59-2020-QH14:d74;59-2020-QH14:d75;59-2020-QH14:d87;59-2020-QH14:d205;168-2025-ND:d27;168-2025-ND:d24;168-2025-ND:d26;01-2021-ND:d56;168-2025-ND:d49;59-2020-QH14:d29,1,1.0
118,"Loại 8: Quản trị công ty - HĐQT, ĐHĐCĐ, cổ đông, điều lệ",Anh chị cho em hỏi em muốn biết được thông tin cổ đông hoặc các thành viên công ty em làm thế nào ạ! Anh chị hướng dẫn giúp em với ạ,59-2020-QH14:d48;59-2020-QH14:d49;59-2020-QH14:d115;59-2020-QH14:d122,"# TƯ VẤN PHÁP LỤC VỀ QUYỀN TIẾP CẬP THÔNG TIN CỔ ĐÔNG VÀ THÀNH VIÊN CÔNG TY

## 1. Xác định vấn đề pháp lý

Anh chị muốn biết cách thức để tiếp cận, truy cập thông tin về cổ đông hoặc thành viên của công ty mình làm việc. Đây là câu hỏi liên quan đến quyền lợi của cổ đông/thành viên trong việc tiếp cận các sổ đăng ký và danh sách cổ đông/thành viên.

## 2. Căn cứ pháp luật

**Căn cứ Điều 122 Khoản 3 Luật Doanh nghiệp 59/2020/QH14:**
- Sổ đăng ký cổ đông được lưu giữ tại trụ sở chính của công ty hoặc các tổ chức khác có chức năng lưu giữ
- **Cổ đông có quyền kiểm tra, tra cứu, trích lục, sao chép tên và địa chỉ liên lạc của cổ đông trong sổ đăng ký cổ đông**

**Căn cứ Điều 141 Khoản 3 Luật Doanh nghiệp 59/2020/QH14:**
- **Cổ đông có quyền kiểm tra, tra cứu, trích lục, sao chép tên và địa chỉ liên lạc của cổ đông trong danh sách cổ đông có quyền dự họp Đại hội đồng cổ đông**
- Cổ đông có quyền yêu cầu sửa đổi thông tin sai lệch hoặc bổ sung thông tin cần thiết về mình
- **Người quản lý công ty phải cung cấp kịp thời thông tin theo yêu cầu của cổ đông**

**Căn cứ Điều 48 Khoản 4 Luật Doanh nghiệp 59/2020/QH14:**
- Sổ đăng ký thành viên (đối với công ty trách nhiệm hữu hạn) được lưu giữ tại trụ sở chính của công ty

**Căn cứ Điều 74 Nghị định 168/2025/NĐ:**
- Thông tin công ty được cung cấp công khai, miễn phí trên Cổng thông tin quốc gia về đăng ký doanh nghiệp tại https://dangkykinhdoanh.gov.vn

## 3. Phân tích áp dụng

**Tùy theo loại công ty anh chị làm việc:**

**a) Nếu là Công ty Cổ phần:**
Anh chị có **hai cách** tiếp cận thông tin cổ đông:

1. **Yêu cầu trực tiếp từ công ty:** Anh chị có quyền gửi yêu cầu bằng văn bản tới công ty (thường là bộ phận quản trị hoặc bộ phận tài chính) để kiểm tra, tra cứu sổ đăng ký cổ đông hoặc danh sách cổ đông có quyền dự họp Đại hội đồng. Công ty bắt buộc phải cung cấp kịp thời và chính xác. Nếu công ty không cung cấp hoặc cung cấp không kịp thời, anh chị có quyền yêu cầu bồi thường thiệt hại.

2. **Tra cứu công khai trên Cổng thông tin:** Anh chị có thể truy cập trang https://dangkykinhdoanh.gov.vn để xem thông tin công ty như tên, mã số doanh nghiệp, người đại diện theo pháp luật, hoàn toàn miễn phí. Tuy nhiên, cách này cung cấp thông tin cơ bản, không chi tiết danh sách toàn bộ cổ đông.

**b) Nếu là Công ty Trách nhiệm Hữu hạn:**
Sổ đăng ký thành viên được lưu giữ tại trụ sở chính công ty. Anh chị cần **yêu cầu trực tiếp từ công ty** theo Điều lệ công ty để được cung cấp thông tin về các thành viên.

**Thủ tục cụ thể anh chị cần thực hiện:**
- Gửi yêu cầu bằng văn bản tới công ty (địa chỉ trụ sở chính)
- Công ty phải cung cấp thông tin kịp thời (theo quy định của Điều lệ công ty)
- Anh chị được phép sao chép, trích lục các thông tin về tên và địa chỉ liên lạc của cổ đông/thành viên

## 4. Kết luận

**Anh chị có quyền tiếp cận thông tin cổ đông hoặc thành viên công ty thông qua:**

1. **Yêu cầu trực tiếp từ công ty** - Gửi văn bản yêu cầu tới bộ phận quản trị/kế toán công ty, công ty phải cung cấp kịp thời và chính xác thông tin từ sổ đăng ký cổ đông/thành viên
   
2. **Tra cứu công khai** - Truy cập https://dangkykinhdoanh.gov.vn để xem thông tin cơ bản của công ty (miễn phí)

Công ty bắt buộc phải cung cấp thông tin theo yêu cầu của anh chị, và nếu từ chối hoặc cung cấp không kịp thời/không chính xác, anh chị có quyền yêu cầu bồi thường thiệt hại.

---

**Căn cứ pháp lý:**
- Điều 122 Khoản 3 Luật Doanh nghiệp 59/2020/QH14
- Điều 141 Khoản 3 Luật Doanh nghiệp 59/2020/QH14
- Điều 48 Khoản 4 Luật Doanh nghiệp 59/2020/QH14
- Điều 74 Nghị định 168/2025/NĐ",59-2020-QH14:d122;59-2020-QH14:d141;59-2020-QH14:d159;59-2020-QH14:d171;59-2020-QH14:d48;59-2020-QH14:d73;168-2025-ND:d74;01-2021-ND:d27;01-2021-ND:d31;01-2021-ND:d33,1,1.0
124,"Loại 9: Chuyển nhượng vốn/cổ phần - Mua bán, thừa kế","Dạ anh, chị cho em hỏi là công ty tnhh 2tv có 3tv góp vốn, nhưng giờ có 1tv muốn rút vốn ra khỏi công ty và ko chuyển nhượng cho ai hết thì hồ sơ mình làm sao ạ",59-2020-QH14:d51;59-2020-QH14:d52;59-2020-QH14:d68,"# PHÂN TÍCH PHÁP LỤC VỀ THỦ TỤC RÚT VỐN KHÔNG CHUYỂN NHƯỢNG

## I. XÁC ĐỊNH VẤN ĐỀ PHÁP LỤC

Vấn đề đặt ra là: Khi một thành viên của công ty TNHH 3 thành viên muốn rút vốn mà không chuyển nhượng phần vốn góp cho bất kỳ ai khác, công ty và thành viên đó phải thực hiện các thủ tục gì và chuẩn bị hồ sơ nào?

## II. CĂNG CỨ PHÁP LUẬT

**Các quy định chính:**
- Căn cứ Điều 51 Khoản 1 và 3 [Luật Doanh nghiệp 59/2020/QH14]
- Căn cứ Điều 68 Khoản 3 [Luật Doanh nghiệp 59/2020/QH14]
- Căn cứ Điều 51 [Nghị định 01/2021/NĐ-CP]
- Căn cứ Điều 31 [Luật Doanh nghiệp 59/2020/QH14]

## III. PHÂN TÍCH ÁP DỤNG

### **1. Tính chất pháp lý của rút vốn không chuyển nhượng**

Rút vốn mà không chuyển nhượng cho ai là một hình thức **giảm vốn điều lệ của công ty**. Đây không phải là chuyển nhượng phần vốn góp (vì không có bên nhận), mà là công ty phải mua lại phần vốn góp của thành viên muốn rút vốn hoặc giảm vốn điều lệ.

Theo Điều 68 Khoản 3 Luật Doanh nghiệp, công ty có thể giảm vốn điều lệ trong trường hợp:
- **(Điểm b)** Công ty mua lại phần vốn góp của thành viên (Điều 51)
- **(Điểm a)** Hoàn trả một phần vốn góp cho thành viên (nếu công ty đã hoạt động từ 2 năm trở lên)

### **2. Điều kiện tiên quyết**

**Điều 51 Khoản 3** quy định: Công ty phải mua lại phần vốn góp trong thời hạn **15 ngày** kể từ khi nhận yêu cầu, với các điều kiện:

- Mua lại theo **giá thị trường** hoặc giá xác định theo Điều lệ công ty (nếu hai bên thỏa thuận được về giá)
- **Quan trọng:** Việc thanh toán chỉ được thực hiện nếu **sau khi thanh toán, công ty vẫn thanh toán đủ các khoản nợ và nghĩa vụ tài sản khác**

**Điều 68 Khoản 3 Điểm a** cho phép hoàn trả vốn khi:
- Công ty đã hoạt động kinh doanh **liên tục từ 2 năm trở lên**
- **Bảo đảm thanh toán đủ các khoản nợ và nghĩa vụ tài sản khác**

### **3. Quy trình thực hiện cụ thể**

**Bước 1: Thành viên gửi yêu cầu mua lại bằng văn bản**
- Gửi đến công ty trong thời hạn quy định (nếu có quy định riêng trong Điều lệ)
- Yêu cầu phải rõ ràng, xác định số tiền mong muốn hoặc đề nghị định giá

**Bước 2: Hội đồng thành viên họp và quyết định**
- Thông qua **Nghị quyết Hội đồng thành viên** về việc mua lại phần vốn góp hoặc giảm vốn điều lệ
- Xác định giá mua lại, phương thức và thời hạn thanh toán
- Lập **Biên bản họp Hội đồng thành viên**

**Bước 3: Công ty thanh toán**
- Thanh toán cho thành viên trong thời hạn **15 ngày** (theo Điều 51 Khoản 3) hoặc theo thỏa thuận
- Chỉ được thanh toán nếu công ty đủ khả năng thanh toán nợ khác

**Bước 4: Cập nhật sổ đăng ký thành viên**
- Công ty cập nhật sổ đăng ký thành viên theo Điều 48 Luật Doanh nghiệp

**Bước 5: Đăng ký thay đổi với Phòng Đăng ký kinh doanh**

## IV. HỒ SƠ CẦN CHUẨN BỊ

Theo Điều 51 Nghị định 01/2021/NĐ-CP Khoản 2 (trường hợp thay đổi thành viên do chuyển nhượng) và Điều 51 Nghị định 01/2021/NĐ-CP Khoản 4 (giảm vốn):

**Hồ sơ nộp Phòng Đăng ký kinh doanh bao gồm:**

1. **Thông báo thay đổi nội dung đăng ký doanh nghiệp** - do người đại diện theo pháp luật ký

2. **Danh sách thành viên công ty TNHH** - phải bao gồm chữ ký của thành viên có phần vốn góp thay đổi (thành viên rút vốn)

3. **Nghị quyết, Quyết định và Biên bản họp Hội đồng thành viên** về việc:
   - Mua lại phần vốn góp (hoặc)
   - Giảm vốn điều lệ

4. **Báo cáo tài chính gần nhất** (nếu giảm vốn theo Điều 68 Điểm a hoặc b)
   - Để chứng minh công ty còn khả năng thanh toán nợ

5. **Giấy tờ chứng minh thanh toán** (hoàn tất):
   - Chứng chỉ hoàn trả vốn từ công ty
   - Hoặc chứng từ thanh toán tiền

## V. THỜI HẠN THỰC HIỆN

- **15 ngày** từ khi nhận yêu cầu: Công ty phải mua lại/hoàn trả (Điều 51 Khoản 3)
- **10 ngày** từ khi thanh toán xong: Công ty phải thông báo thay đổi đến Phòng Đăng ký kinh doanh (Điều 68 Khoản 4)
- **3 ngày làm việc**: Phòng Đăng ký kinh doanh cập nhật thông tin (Điều 31 Khoản 4)

## VI. KẾT LUẬN

**Hồ sơ bạn cần làm như sau:**

1. Yêu cầu Hội đồng thành viên họp để thông qua **Nghị quyết** mua lại phần vốn góp hoặc giảm vốn điều lệ
2. Lập **Biên bản họp Hội đồng thành viên** 
3. Xác định giá mua lại (thị trường hoặc theo Điều lệ)
4. **Thanh toán** cho thành viên trong 15 ngày
5. Chuẩn bị **Thông báo thay đổi đăng ký** và **Danh sách thành viên mới** (chỉ còn 2 thành viên)
6. Kèm theo Nghị quyết, Biên bản họp và báo cáo tài chính
7. Nộp hồ sơ tại Phòng Đăng ký kinh doanh nơi công ty đặt trụ sở chính trong **10 ngày** sau khi thanh toán xong

**Lưu ý quan trọng:** Công ty PHẢI đảm bảo còn khả năng thanh toán các khoản nợ khác sau khi thanh toán cho thành viên rút vốn. Nếu công ty không đủ tiền, bạn sẽ gặp vấn đề pháp lý.

---

**Căn cứ pháp lý:** Điều 51 (Khoản 1, 3), Điều 68 (Khoản 3, 4, 5), Điều 31 (Khoản 2, 4), Điều 48 [Luật Doanh nghiệp 59/2020/QH14]; Điều 51, 52 [Nghị định 01/2021/NĐ-CP].",59-2020-QH14:d51;59-2020-QH14:d68;59-2020-QH14:d53;59-2020-QH14:d48;59-2020-QH14:d46;01-2021-ND:d52;01-2021-ND:d51;59-2020-QH14:d26;59-2020-QH14:d31;168-2025-ND:d37,1,1.0
131,"Loại 3: Vốn điều lệ - Góp vốn, tăng/giảm vốn, vốn pháp định",Dạ cho em xin phép nhờ anh chị hỗ trợ em trường hợp thành lập công ty TNHH 2TV mà có 1 người góp vốn bằng hàng hoá thì hồ sơ cần những thành phần nào ạ. Em cảm ơn anh chị,59-2020-QH14:d34;59-2020-QH14:d35;59-2020-QH14:d21,"# TƯ VẤN PHÁP LỤC: HỒ SƠ THÀNH LẬP CÔNG TY TNHH 2 THÀNH VIÊN CÓ GÓPED VỐN BẰNG HÀNG HOÁ

## I. XÁC ĐỊNH VẤN ĐỀ PHÁP LỤC

Câu hỏi của em liên quan đến việc xác định **hồ sơ cần thiết để đăng ký thành lập Công ty TNHH 2 thành viên trở lên khi có thành viên góp vốn bằng hàng hoá (tài sản có hình chất)**, đồng thời cần làm rõ các **điều kiện, thủ tục định giá tài sản góp vốn** dạng này.

## II. CĂNCỨ PHÁP LUẬT

Căn cứ Điều 21 Luật Doanh nghiệp 2020 (sửa đổi bổ sung năm 2025) quy định hồ sơ đăng ký doanh nghiệp tổng quát.

Căn cứ Điều 25 Luật Doanh nghiệp 2020 quy định nội dung Danh sách thành viên, bao gồm thông tin về tài sản góp vốn.

Căn cứ Điều 34 Luật Doanh nghiệp 2020 quy định loại tài sản góp vốn được chấp nhận.

Căn cứ Điều 36 Luật Doanh nghiệp 2020 quy định chi tiết về **định giá tài sản góp vốn** khi thành lập doanh nghiệp.

## III. PHÂN TÍCH ÁP DỤNG

### A. Hồ sơ cơ bản (chung cho mọi công ty TNHH 2 thành viên trở lên)

Theo **Điều 21 Luật Doanh nghiệp**, hồ sơ đăng ký phải bao gồm:

1. **Giấy đề nghị đăng ký doanh nghiệp**
2. **Điều lệ công ty** - quy định chi tiết về cấu trúc, quyền, nghĩa vụ của thành viên
3. **Danh sách thành viên** - phải liệt kê đầy đủ thông tin
4. **Bản sao giấy tờ pháp lý** của các thành viên (CMND/CCCD nếu là cá nhân, Giấy phép đăng ký kinh doanh nếu là tổ chức)

### B. Yêu cầu đặc biệt đối với tài sản góp vốn dạng hàng hoá

**Điều 34 Luật Doanh nghiệp** quy định: *""Tài sản góp vốn là Đồng Việt Nam, ngoại tệ tự do chuyển đổi, vàng, quyền sử dụng đất, quyền sở hữu trí tuệ, công nghệ, bí quyết kỹ thuật, **tài sản khác có thể định giá được bằng Đồng Việt Nam**.""*

**Hàng hoá là ""tài sản khác""** nằm trong phạm vi cho phép góp vốn. Tuy nhiên, hàng hoá **KHÔNG phải tiền mặt, ngoại tệ hay vàng**, nên phải tuân thủ quy trình định giá.

### C. Quy trình định giá tài sản góp vốn dạng hàng hoá

Theo **Điều 36 Khoản 2 Luật Doanh nghiệp**:

> *""Tài sản góp vốn khi thành lập doanh nghiệp phải được các thành viên, cổ đông sáng lập định giá theo nguyên tắc **đồng thuận hoặc do một tổ chức thẩm định giá định giá**. Trường hợp tổ chức thẩm định giá định giá thì giá trị tài sản góp vốn phải được **trên 50% số thành viên, cổ đông sáng lập chấp thuận**.""*

**Điều này có 2 con đường:**

- **Con đường 1 (Định giá đồng thuận):** Cả 2 thành viên thống nhất về giá trị của hàng hoá → không cần tổ chức thẩm định giá độc lập
- **Con đường 2 (Thẩm định giá chuyên nghiệp):** Nếu không đồng thuận hoặc muốn độc lập, thuê công ty thẩm định giá chuyên nghiệp → cần 50% thành viên (tức tối thiểu 1 trong 2) chấp thuận kết quả

### D. Hồ sơ cụ thể cần chuẩn bị khi có góp vốn hàng hoá

Ngoài hồ sơ cơ bản ở mục A, em cần **bổ sung thêm:**

1. **Giấy xác nhận quyền sở hữu hàng hoá** của người góp vốn:
   - Hóa đơn, chứng thư mua bán
   - Giấy tờ chứng minh quyền sở hữu hoặc quyền sử dụng
   - Giấy kiểm định, giấy chứng nhận chất lượng (nếu là hàng hoá đặc thù)

2. **Biên bản định giá** (lựa chọn theo con đường):
   - **Nếu định giá đồng thuận:** Biên bản họp thành viên (hoặc biên bản đồng thuận) xác nhận giá trị hàng hoá, ký tên bởi cả 2 thành viên
   - **Nếu thuê tổ chức thẩm định giá:** 
     - Hợp đồng thuê dịch vụ thẩm định giá với công ty thẩm định giá
     - Báo cáo định giá của công ty thẩm định giá
     - Biên bản họp thành viên xác nhận chấp thuận kết quả (tối thiểu 50% thành viên)

3. **Mô tả hàng hoá** chi tiết trong **Danh sách thành viên** (theo Điều 25):
   - Loại tài sản (hàng hoá cụ thể là gì)
   - Số lượng
   - Giá trị
   - Thời hạn góp vốn (bao giờ phải giao hàng)

4. **Giấy tờ khác** (nếu có):
   - Nếu hàng hoá cần đăng ký (ô tô, bất động sản): cần chứng thư quyền sở hữu
   - Nếu hàng hoá có quyền lợi gắn liền: cần xác nhận không có tranh chấp, không bị kê biên

### E. Lưu ý về trách nhiệm

Theo **Điều 36 Khoản 2 Luật Doanh nghiệp**, nếu **giá trị hàng hoá được định giá cao hơn giá trị thực tế**:

> *""các thành viên cùng liên đới góp thêm bằng số chênh lệch giữa giá trị được định giá và giá trị thực tế của tài sản góp vốn tại thời điểm kết thúc định giá; đồng thời liên đới chịu trách nhiệm đối với thiệt hại do cố ý định giá tài sản góp vốn cao hơn giá trị thực tế.""*

Điều này có ý nghĩa: **em và thành viên kia sẽ chịu trách nhiệm chung** nếu định giá quá cao.

## IV. KẾT LUẬN

**Hồ sơ đăng ký thành lập Công ty TNHH 2 thành viên với 1 thành viên góp hàng hoá cần:**

✓ Giấy đề nghị đăng ký
✓ Điều lệ công ty
✓ Danh sách thành viên (kèm chi tiết về loại hàng hoá, số lượng, giá trị)
✓ Bản sao CMND/CCCD của 2 thành viên
✓ **Giấy xác nhận quyền sở hữu hàng hoá** (hóa đơn, chứng thư, giấy tờ pháp lý)
✓ **Biên bản định giá hàng hoá** (đồng thuận hoặc từ tổ chức thẩm định giá chuyên nghiệp)

Em nên lựa chọn con đường định giá phù hợp: nếu hàng hoá có giá trị không quá cao và 2 thành viên có thể tự định giá, dùng định giá đồng thuận sẽ tiết kiệm chi phí và thời gian hơn.

---

**Căn cứ pháp lý:** Điều 21, Điều 25, Điều 34, Điều 36 Luật Doanh nghiệp 2020 (sửa đổi bổ sung năm 2025).",59-2020-QH14:d21;59-2020-QH14:d26;59-2020-QH14:d34;59-2020-QH14:d36;59-2020-QH14:d18;59-2020-QH14:d25;59-2020-QH14:d17;168-2025-ND:d64;59-2020-QH14:d208;168-2025-ND:d80,1,1.0
143,"Loại 10: Doanh nghiệp FDI - Vốn nước ngoài, tỷ lệ sở hữu",Anh chị cho e hỏi Người Trung Quốc hộ chiếu E có nhận chuyển nhượng được phần vốn góp tại tp Hồ Chí Minh không ạ,59-2020-QH14:d17;59-2020-QH14:d51;59-2020-QH14:d52,"# TƯ VẤN PHÁP LUẬT

## 1. XÁC ĐỊNH VẤN ĐỀ PHÁP LÝ

Câu hỏi đặt ra liệu một cá nhân nước ngoài (mang hộ chiếu Trung Quốc) có thể nhận chuyển nhượng phần vốn góp tại thành phố Hồ Chí Minh hay không.

## 2. CĂN CỨ PHÁP LUẬT

**Căn cứ Điều 17 Khoản 1 và Khoản 3 Luật Doanh nghiệp số 59/2020/QH14:**

- Khoản 1: ""Tổ chức, cá nhân có quyền thành lập và quản lý doanh nghiệp tại Việt Nam theo quy định của Luật này, trừ trường hợp quy định tại khoản 2 Điều này.""

- Khoản 3: ""Tổ chức, cá nhân có quyền góp vốn, mua cổ phần, mua phần vốn góp vào công ty cổ phần, công ty trách nhiệm hữu hạn, công ty hợp danh theo quy định của Luật này, trừ trường hợp sau đây: a) Cơ quan nhà nước, đơn vị lực lượng vũ trang nhân dân sử dụng tài sản nhà nước góp vốn vào doanh nghiệp để thu lợi riêng cho cơ quan, đơn vị mình; b) Đối tượng không được góp vốn vào doanh nghiệp theo quy định của Luật Cán bộ, công chức, Luật Viên chức, Luật Phòng, chống tham nhũng.""

**Căn cứ Điều 52 Luật Doanh nghiệp số 59/2020/QH14:**

Quy định về chuyển nhượng phần vốn góp cho người không phải là thành viên, trong đó không có hạn chế về quốc tịch của người nhận chuyển nhượng.

**Căn cứ Điều 35 Khoản 5 Luật Doanh nghiệp số 59/2020/QH14:**

""Việc thanh toán đối với mọi hoạt động mua, bán, chuyển nhượng cổ phần và phần vốn góp, nhận cổ tức và chuyển lợi nhuận ra nước ngoài của nhà đầu tư nước ngoài đều phải được thực hiện thông qua tài khoản theo quy định của pháp luật về quản lý ngoại hối, trừ trường hợp thanh toán bằng tài sản và hình thức khác không bằng tiền mặt.""

## 3. PHÂN TÍCH ÁP DỤNG

Theo pháp luật Việt Nam, cá nhân nước ngoài (bao gồm người mang hộ chiếu Trung Quốc) **hoàn toàn có quyền** nhận chuyển nhượng phần vốn góp tại Việt Nam. Pháp luật không cấm cự nhà đầu tư nước ngoài góp vốn hay nhận chuyển nhượng phần vốn góp dựa trên quốc tịch của họ.

Tuy nhiên, cần tuân thủ các điều kiện sau:

- **Đối với các ngành, nghề có điều kiện với nhà đầu tư nước ngoài**: Người nước ngoài phải có giấy chứng nhận hoặc giấy phép thích hợp từ cơ quan đăng ký đầu tư trước khi thực hiện chuyển nhượng.

- **Về thanh toán**: Tất cả các khoản thanh toán liên quan đến chuyển nhượng phần vốn góp của nhà đầu tư nước ngoài **phải thực hiện thông qua tài khoản ngân hàng** theo quy định pháp luật về quản lý ngoại hối, không được thanh toán bằng tiền mặt.

- **Về thủ tục đăng ký**: Phải nộp đầy đủ hồ sơ đăng ký thay đổi nội dung đăng ký doanh nghiệp tại Cơ quan đăng ký kinh doanh cấp tỉnh nơi công ty đặt trụ sở (trong trường hợp này là Hồ Chí Minh), bao gồm giấy tờ pháp lý được hợp pháp hóa lãnh sự (nếu là tổ chức nước ngoài) và bản sao hộ chiếu (nếu là cá nhân nước ngoài).

## 4. KẾT LUẬN

**Câu trả lời: CÓ, người nước ngoài mang hộ chiếu Trung Quốc hoàn toàn có thể nhận chuyển nhượng phần vốn góp tại thành phố Hồ Chí Minh**, miễn là:

1. Không vi phạm các ngành, nghề cấm hoặc có điều kiện đối với nhà đầu tư nước ngoài;
2. Thực hiện thanh toán thông qua tài khoản ngân hàng;
3. Tuân thủ đầy đủ thủ tục đăng ký thay đổi nội dung đăng ký doanh nghiệp với Cơ quan đăng ký kinh doanh.

---

**Căn cứ pháp lý:** Điều 17 Khoản 1, Khoản 3; Điều 35 Khoản 5; Điều 52 Luật Doanh nghiệp số 59/2020/QH14; Điều 45, Điều 44, Điều 54 Nghị định số 168/2025/NĐ-CP.",59-2020-QH14:d25;59-2020-QH14:d35;59-2020-QH14:d17;59-2020-QH14:d52;168-2025-ND:d45;168-2025-ND:d44;168-2025-ND:d54;59-2020-QH14:d217;59-2020-QH14:d202;59-2020-QH14:d8,1,0.3333
151,"Loại 7: Thay đổi ĐKKD - Địa chỉ, tên, ngành nghề","Mn cho minh hỏi, minh có 1 đia điêm sx, phân phối, buôn bán hg của cty, vây minh lập địa điêm cty dc ko, hay pai lập chi nhánh của cty
Mn cho minh hỏi, minh có 1 đia điêm sx, phân phối, buôn bán hg của cty, vây minh lập địa điêm cty dc ko, hay pai lập chi nhánh của cty",59-2020-QH14:d44;59-2020-QH14:d45,"# TƯ VẤN PHÁP LUẬT

## 1. XÁC ĐỊNH VẤN ĐỀ PHÁP LỰC

Câu hỏi của bạn đặt ra vấn đề: Khi công ty có một địa điểm sản xuất, phân phối, buôn bán hàng hóa, bạn có thể lập ""địa điểm công ty"" hay phải lập chi nhánh của công ty?

Đây là vấn đề phân biệt giữa ba khái niệm pháp lý: **chi nhánh**, **văn phòng đại diện**, và **địa điểm kinh doanh**.

## 2. CĂN CỨ PHÁP LUẬT

Căn cứ **Điều 44 Khoản 1, 2, 3 Luật Doanh nghiệp năm 2020** (59/2020/QH14):

- **Chi nhánh** là đơn vị phụ thuộc của doanh nghiệp, có nhiệm vụ thực hiện toàn bộ hoặc một phần chức năng của doanh nghiệp, bao gồm cả chức năng đại diện theo ủy quyền.

- **Văn phòng đại diện** là đơn vị phụ thuộc chỉ có nhiệm vụ đại diện theo ủy quyền và bảo vệ lợi ích công ty, KHÔNG thực hiện chức năng kinh doanh.

- **Địa điểm kinh doanh** là nơi công ty tiến hành hoạt động kinh doanh cụ thể.

Căn cứ **Điều 30 Khoản 2 Nghị định 168/2025/ND-CP** quy định rõ: ""Doanh nghiệp có thể lập địa điểm kinh doanh tại địa chỉ khác nơi doanh nghiệp đặt trụ sở chính hoặc đặt chi nhánh"".

## 3. PHÂN TÍCH ÁP DỤNG

Trong tình huống của bạn, địa điểm sản xuất, phân phối, buôn bán hàng hóa là nơi công ty **tiến hành hoạt động kinh doanh cụ thể**, chứ không phải là một đơn vị phụ thuộc độc lập.

**Khác biệt quan trọng:**

- Nếu bạn chỉ muốn thêm một địa chỉ để tiến hành kinh doanh (như một chi nhánh sản xuất hay cửa hàng bán lẻ) → **Lập địa điểm kinh doanh** đơn giản hơn.

- Nếu bạn muốn thành lập một đơn vị có tính độc lập cao hơn, với người đứng đầu riêng, có thể đại diện công ty ở địa phương đó → **Lập chi nhánh**.

Căn cứ **Điều 30 Khoản 2b Nghị định 168/2025/ND-CP**, việc lập địa điểm kinh doanh chỉ cần gửi **Thông báo lập địa điểm kinh doanh** đến Cơ quan đăng ký kinh doanh cấp tỉnh nơi đặt địa điểm, trong vòng 10 ngày kể từ ngày quyết định.

Ngược lại, lập chi nhánh cần thực hiện thủ tục phức tạp hơn với quyết định thành lập, biên bản họp của công ty, và bản sao giấy tờ pháp lý của người đứng đầu chi nhánh.

## 4. KẾT LUẬN

**Bạn nên lập địa điểm kinh doanh**, không phải chi nhánh, nếu:
- Địa điểm này chỉ là nơi tiến hành hoạt động kinh doanh (sản xuất, bán hàng...)
- Không cần tính độc lập cao
- Muốn thủ tục đơn giản, nhanh chóng

**Bạn nên lập chi nhánh** nếu:
- Địa điểm này cần hoạt động với tính độc lập, có người đứng đầu riêng
- Cần quyền đại diện công ty tại địa phương đó

---

**Căn cứ pháp lý:** Điều 44 Luật Doanh nghiệp 59/2020/QH14; Điều 30 Nghị định 168/2025/ND-CP; Điều 30 Nghị định 01/2021/ND-CP.",59-2020-QH14:d44;59-2020-QH14:d45;01-2021-ND:d20;168-2025-ND:d37;168-2025-ND:d56;01-2021-ND:d62;168-2025-ND:d30;01-2021-ND:d44;168-2024-ND-CP:d2;01-2021-ND:d98,1,1.0
174,"Loại 4: Người đại diện pháp luật - Điều kiện, thay đổi, trách nhiệm","anh chị cho em hỏi, em làm hs thay đổi đại diện pháp luật cty tnhh 2 thành viên thì ai ký các giấy tờ sau ạ
giấy ủy quyền làm hs
quyết định thay đổi địa diện pháp luật
phần cuối chổ ký giấy thì em để chức danh là chủ tịch hội đồng thành viên đúng không ạ",59-2020-QH14:d12;59-2020-QH14:d55,"# PHÂN TÍCH PHÁP LỤC THEO PHƯƠNG PHÁP IRAC

## 1. XÁC ĐỊNH VẤN ĐỀ PHÁP LỤC

Câu hỏi của anh chị đặt ra ba vấn đề chính:
- Ai có thẩm quyền ký giấy ủy quyền làm Hội đồng thành viên (HĐTV)?
- Ai ký quyết định thay đổi người đại diện pháp luật?
- Chức danh của người ký phải là gì?

Các câu hỏi này liên quan đến thẩm quyền ký các giấy tờ quan trọng trong quá trình thay đổi người đại diện pháp luật của công ty TNHH 2 thành viên.

---

## 2. CĂN CỨ PHÁP LUẬT

**Căn cứ Điều 56 Khoản 2 Điểm đ Luật Doanh nghiệp 59/2020/QH14:** Chủ tịch Hội đồng thành viên có quyền ""Thay mặt Hội đồng thành viên ký nghị quyết, quyết định của Hội đồng thành viên.""

**Căn cứ Điều 50 Khoản 2 Điểm b Nghị định 01/2021/NĐ-CP:** Người ký thông báo thay đổi người đại diện theo pháp luật đối với công ty TNHH hai thành viên trở lên là **Chủ tịch Hội đồng thành viên**. Tuy nhiên, ""Trường hợp Chủ tịch Hội đồng thành viên là người đại diện theo pháp luật thì người ký thông báo là Chủ tịch Hội đồng thành viên mới được Hội đồng thành viên bầu.""

**Căn cứ Điều 50 Khoản 1 Điểm c Nghị định 01/2021/NĐ-CP:** Hồ sơ đăng ký thay đổi người đại diện pháp luật phải kèm theo ""Nghị quyết, quyết định và bản sao biên bản họp Hội đồng thành viên đối với công ty trách nhiệm hữu hạn hai thành viên trở lên về việc thay đổi người đại diện theo pháp luật.""

---

## 3. PHÂN TÍCH ÁP DỤNG

### A. Giấy ủy quyền làm Hội đồng thành viên

**Giấy ủy quyền** được ký khi Chủ tịch HĐTV vắng mặt hoặc không thể thực hiện nhiệm vụ. Theo quy định, **Chủ tịch Hội đồng thành viên** (người đang nắm giữ chức danh này) ký giấy ủy quyền cho thành viên khác thay mặt mình.

Trong trường hợp Chủ tịch hiện tại có nhu cầu ủy quyền cho ai đó xử lý công việc liên quan đến thay đổi người đại diện pháp luật, chính **Chủ tịch hiện tại** phải ký giấy ủy quyền này với chức danh **Chủ tịch Hội đồng thành viên**.

### B. Quyết định thay đổi người đại diện pháp luật

**Quyết định thay đổi người đại diện pháp luật** phải được thông qua bằng **Quyết định/Nghị quyết của Hội đồng thành viên** (có biên bản họp kèm theo).

Theo Điều 50 Khoản 2 Điểm b Nghị định 01/2021/NĐ-CP, người ký **thông báo thay đổi** người đại diện pháp luật gửi đến Phòng Đăng ký kinh doanh là:
- **Chủ tịch Hội đồng thành viên** (nếu Chủ tịch hiện tại không phải là người đại diện pháp luật sẽ bị thay đổi), hoặc
- **Chủ tịch Hội đồng thành viên mới được bầu** (nếu Chủ tịch hiện tại chính là người đại diện pháp luật bị thay đổi).

### C. Chức danh ký phải ghi là gì?

**Đúng rồi, anh chị ghi chức danh là ""Chủ tịch Hội đồng thành viên"" là chính xác.** 

Người ký các giấy tờ này phải ghi rõ chức danh này vì:
- Điều 56 Khoản 2 Điểm đ quy định Chủ tịch HĐTV ""thay mặt Hội đồng thành viên ký nghị quyết, quyết định"";
- Điều 50 Khoản 2 Nghị định 01/2021/NĐ-CP rõ ràng nêu người ký là ""Chủ tịch Hội đồng thành viên"".

---

## 4. KẾT LUẬN

**Trả lời trực tiếp các câu hỏi của anh chị:**

1. **Giấy ủy quyền làm Hội đồng thành viên:** Được ký bởi **Chủ tịch Hội đồng thành viên hiện tại** (người hiện đang giữ chức danh này).

2. **Quyết định/Thông báo thay đổi người đại diện pháp luật:** Được ký bởi **Chủ tịch Hội đồng thành viên** - cụ thể là Chủ tịch đang nắm giữ chức danh này, hoặc nếu Chủ tịch hiện tại là người đại diện sẽ bị thay đổi thì do Chủ tịch mới bầu ký.

3. **Chức danh ghi trong phần ký:** Anh chị **ghi đúng là ""Chủ tịch Hội đồng thành viên""** - đây là chức danh quy định trong pháp luật và phải ghi rõ để xác định thẩm quyền ký.

---

**Căn cứ pháp lý:**
- Điều 56 Khoản 2 Điểm đ, Luật Doanh nghiệp 59/2020/QH14
- Điều 50 Khoản 1, Khoản 2 Điểm b, c, Nghị định 01/2021/NĐ-CP
- Điều 12 Luật Doanh nghiệp 59/2020/QH14",59-2020-QH14:d55;59-2020-QH14:d56;59-2020-QH14:d71;59-2020-QH14:d79;59-2020-QH14:d80;59-2020-QH14:d81;01-2021-ND:d50;59-2020-QH14:d12;01-2021-ND:d56;168-2025-ND:d49,1,1.0
277,"Loại 1: Thành lập doanh nghiệp - Thủ tục, điều kiện, hồ sơ thành lập","Em cbi thành lập công ty chỉ chuyên hoàn toàn bán trên sàn TMDT, muốn tìm 1 bên dịch vụ thuế nhận kê khai thuế + hỗ trợ và hướng dẫn, định hướng về xuất hoá đơn hàng ngày (misa sẽ ký và xuất hoá đơn tự động)
Cần 1 bên có kinh nghiệm và đã làm nhiều đơn vị bán sàn TMDT.
A c inb e nhé",59-2020-QH14:d26;59-2020-QH14:d27;59-2020-QH14:d21,"Tôi hiểu rằng bạn đang tìm kiếm một dịch vụ tư vấn thuế để hỗ trợ công ty kinh doanh trên sàn thương mại điện tử (TMDT). Tuy nhiên, **câu hỏi của bạn không phải là một vấn đề pháp lý cần được giải quyết theo phương pháp IRAC**, mà là một yêu cầu tìm kiếm dịch vụ B2B.

## Phân tích tình huống:

Bạn đang tìm:
1. Một bên dịch vụ thuế để kê khai thuế
2. Hướng dẫn về xuất hóa đơn hàng ngày (kết hợp với phần mềm MISA)
3. Định hướng kinh doanh
4. Bên có kinh nghiệm với các đơn vị bán trên sàn TMDT

Đây là một **nhu cầu dịch vụ tư vấn thuế và kế toán**, không phải một câu hỏi về quyền/nghĩa vụ pháp lý.

## Khuyến nghị thực tiễn:

Nếu bạn cần tìm **dịch vụ tư vấn thuế/kế toán cho công ty bán hàng TMDT**, bạn có thể:

1. **Liên hệ với các công ty dịch vụ thuế/kế toán** có kinh nghiệm trong lĩnh vực TMDT tại Việt Nam
2. **Yêu cầu tham khảo** danh sách khách hàng (case studies) liên quan đến bán hàng TMDT
3. **Xác nhận** họ có kinh nghiệm với phần mềm hóa đơn như MISA, VNPost, Kế toán Online, v.v.
4. **So sánh giá dịch vụ** và phạm vi hỗ trợ

---

**Nếu bạn có câu hỏi pháp lý cụ thể** như:
- Công ty bán hàng TMDT có yêu cầu pháp lý nào khi thành lập?
- Quyền và nghĩa vụ thuế của công ty bán hàng TMDT là gì?
- Quy định về xuất hóa đơn điện tử như thế nào?

Tôi sẵn sàng tư vấn chi tiết theo phương pháp IRAC.",59-2020-QH14:d26;59-2020-QH14:d18;59-2020-QH14:d27;59-2020-QH14:d37;59-2020-QH14:d23;59-2020-QH14:d17;168-2025-ND:d1;59-2020-QH14:d4;59-2020-QH14:d7;59-2020-QH14:d79,1,1.0
278,Loại 11: Khác - Chưa phân loại,"Em cần tư vấn về luật doanh nghiệp đặc biệt là thuế dn
Ở bắc giang thì tốt ạ
Em cần tư vấn về luật doanh nghiệp đặc biệt là thuế dn
Ở bắc giang thì tốt ạ",59-2020-QH14:d1;59-2020-QH14:d7;59-2020-QH14:d8,"# TƯ VẤN PHÁP LỤC DOANH NGHIỆP VÀ THUẾ

## I. XÁC ĐỊNH VẤN ĐỀ PHÁP LỤC

Anh/chị cần tư vấn về các vấn đề liên quan đến luật doanh nghiệp, đặc biệt là vấn đề thuế doanh nghiệp tại địa bàn Bắc Giang. Đây là một lĩnh vực có nhiều nội dung cần làm rõ, bao gồm: thành lập doanh nghiệp, các nghĩa vụ tài chính, kế toán và nộp thuế, cũng như các quyền và trách nhiệm của doanh nghiệp.

## II. CĂNG CỨ PHÁP LỤC CHÍNH

### 1. **Về Quyền và Trách Nhiệm Nộp Thuế**

**Căn cứ Điều 8 Khoản 4 Luật Doanh nghiệp 59/2020/QH14:**
> ""Tổ chức công tác kế toán, nộp thuế và thực hiện các nghĩa vụ tài chính khác theo quy định của pháp luật.""

Đây là **nghĩa vụ bắt buộc** mà mỗi doanh nghiệp phải tuân thủ, không phân biệt loại hình doanh nghiệp hay địa phương hoạt động.

### 2. **Về Thành Lập và Hoạt Động Doanh Nghiệp**

**Căn cứ Điều 1 Luật Doanh nghiệp 59/2020/QH14:**
Luật này quy định về việc thành lập, tổ chức quản lý, tổ chức lại, giải thể và hoạt động có liên quan của doanh nghiệp, bao gồm công ty trách nhiệm hữu hạn, công ty cổ phần, công ty hợp danh và doanh nghiệp tư nhân.

**Căn cứ Điều 7 Luật Doanh nghiệp 59/2020/QH14:**
Doanh nghiệp có quyền tự do kinh doanh ngành, nghề mà luật không cấm; tự chủ kinh doanh; lựa chọn hình thức tổ chức kinh doanh; chủ động lựa chọn ngành, nghề, địa bàn, hình thức kinh doanh.

## III. PHÂN TÍCH ÁP DỤNG

### Đối với Vấn đề Thuế Doanh Nghiệp:

Khi anh/chị muốn kinh doanh tại Bắc Giang, bắt buộc phải:

1. **Thực hiện đầy đủ nghĩa vụ nộp thuế** theo quy định của pháp luật về thuế (Luật Thuế giá trị gia tăng, Luật Thuế thu nhập doanh nghiệp, v.v.). Điều này là bắt buộc cho tất cả doanh nghiệp, không phân biệt địa phương.

2. **Tổ chức công tác kế toán** đúng quy định pháp luật, lập báo cáo tài chính, báo cáo thuế đầy đủ và kịp thời.

3. **Chịu trách nhiệm về tính trung thực, chính xác** của các thông tin kê khai về thuế. Nếu phát hiện thiếu chính xác, chưa đầy đủ, phải kịp thời sửa đổi, bổ sung.

4. **Nộp hồ sơ đăng ký doanh nghiệp** tại Cơ quan đăng ký kinh doanh cấp tỉnh (Bắc Giang) trong thời hạn 03 ngày làm việc, có kể từ khi nộp hồ sơ.

### Quyền của Doanh Nghiệp:

Mặc dù có nhiều nghĩa vụ, doanh nghiệp vẫn có quyền:
- Lựa chọn hình thức tổ chức kinh doanh phù hợp (công ty TNHH, công ty cổ phần, v.v.)
- Tự chủ trong quản lý tài chính và lựa chọn phương thức huy động vốn
- Khiếu nại những quyết định hành chính không đúng pháp luật

## IV. KẾT LUẬN

**Anh/chị cần lưu ý:**

1. Dù kinh doanh ở Bắc Giang hay bất cứ tỉnh nào, **doanh nghiệp bắt buộc phải nộp thuế** và thực hiện đầy đủ các nghĩa vụ tài chính, kế toán theo pháp luật.

2. Để được tư vấn chi tiết hơn về **loại thuế cụ thể** áp dụng cho ngành nghề doanh nghiệp anh/chị dự định kinh doanh, cần cung cấp thêm thông tin:
   - Ngành nghề kinh doanh dự kiến?
   - Hình thức doanh nghiệp? (TNHH, Cổ phần, tư nhân)
   - Quy mô doanh nghiệp?

3. Anh/chị nên liên hệ với **Cục Thuế Bắc Giang** hoặc **Phòng Đăng ký Kinh doanh Bắc Giang** để được hướng dẫn cụ thể về các nghĩa vụ thuế và kế toán theo ngành nghề.

---

**Căn cứ pháp lý:**
- Điều 1, Điều 7, Điều 8 Khoản 4 Luật Doanh nghiệp số 59/2020/QH14
- Điều 26 Luật Doanh nghiệp số 59/2020/QH14 (về đăng ký doanh nghiệp)",59-2020-QH14:d1;59-2020-QH14:d2;59-2020-QH14:d3;59-2020-QH14:d7;59-2020-QH14:d8;59-2020-QH14:d17;59-2020-QH14:d26;168-2025-ND:d52;59-2020-QH14:d203;168-2025-ND:d43,1,1.0
300,"Loại 2: Loại hình doanh nghiệp - TNHH, Cổ phần, Hợp danh, DNTN",Anh chị cho e hỏi Cty cổ phần mới thành lập thì cổ phần Chào bán có ghi trên hệ thống không. E k hiểu cổ phần Chào bán khi nào ghi,59-2020-QH14:d112;59-2020-QH14:d120;59-2020-QH14:d111,"# PHÂN TÍCH PHÁP LỤC - CỖ PHẦN CHÀO BÁN ĐƯỢC GHI VÀO HỆ THỐNG KHI NÀO

## I. XÁC ĐỊNH VẤN ĐỀ PHÁP LỤC

Anh chị đặt câu hỏi về thời điểm **cổ phần được quyền chào bán** được ghi vào hệ thống của công ty cổ phần mới thành lập. Đây là vấn đề liên quan đến thứ tự ghi nhận các loại cổ phần trong đăng ký doanh nghiệp và hệ thống quản lý cổ phần của công ty.

## II. CĂN CỨ PHÁP LUẬT

**Căn cứ Điều 112 Khoản 3 Luật Doanh nghiệp 59/2020/QH14:**
> *""Cổ phần được quyền chào bán của công ty cổ phần là tổng số cổ phần các loại mà Đại hội đồng cổ đông quyết định sẽ chào bán để huy động vốn. Số cổ phần được quyền chào bán của công ty cổ phần khi đăng ký thành lập doanh nghiệp là tổng số cổ phần các loại mà công ty sẽ chào bán để huy động vốn, bao gồm cổ phần đã được đăng ký mua và cổ phần chưa được đăng ký mua.""*

**Căn cứ Điều 123 Khoản 4 Luật Doanh nghiệp 59/2020/QH14:**
> *""Công ty thực hiện đăng ký thay đổi vốn điều lệ trong thời hạn 10 ngày kể từ ngày hoàn thành đợt bán cổ phần.""*

**Căn cứ Điều 113 Khoản 5 Luật Doanh nghiệp 59/2020/QH14:**
> *""Người góp vốn trở thành cổ đông của công ty kể từ thời điểm đã thanh toán việc mua cổ phần...""*

## III. PHÂN TÍCH ÁP DỤNG

**Tại thời điểm thành lập công ty:**

Khi công ty cổ phần mới thành lập, cổ phần được quyền chào bán **đã được ghi vào hệ thống ngay từ khi đăng ký thành lập doanh nghiệp**. Cụ thể:

- Trong hồ sơ đăng ký thành lập, công ty phải kê khai tổng số cổ phần được quyền chào bán (bao gồm cả cổ phần đã có người đăng ký mua và cổ phần chưa có người đăng ký mua)
- Thông tin này được ghi vào Điều lệ công ty và cơ quan đăng ký kinh doanh cấp tỉnh
- Đây là phần vốn được quyền chào bán **từ ngày được cấp Giấy chứng nhận đăng ký doanh nghiệp**

**Trong quá trình hoạt động:**

Khi công ty thực hiện bán cổ phần (bán cho cổ đông hiện hữu, bán riêng lẻ, hoặc bán công chúng):
- Cổ phần chỉ được tính là **""cổ phần đã bán""** (vốn điều lệ) khi **cổ đông đã thanh toán đủ tiền mua**
- Sau khi hoàn thành đợt bán cổ phần, công ty phải đăng ký thay đổi vốn điều lệ trong vòng 10 ngày

## IV. KẾT LUẬN

**Cổ phần được quyền chào bán được ghi vào hệ thống tại hai thời điểm:**

1. **Tại khi thành lập công ty:** Tổng số cổ phần được quyền chào bán được kê khai trong hồ sơ đăng ký và ghi vào Điều lệ công ty ngay từ ngày nhận Giấy chứng nhận đăng ký doanh nghiệp

2. **Tại khi có đợt chào bán mới:** Khi công ty thực hiện bán cổ phần, sau khi cổ đông thanh toán đủ, công ty phải đăng ký thay đổi vốn điều lệ trong vòng 10 ngày

Nếu anh chị đang hỏi về **""cổ phần chưa bán""** (chưa thanh toán), thì số lượng này cũng được thể hiện trong Điều lệ công ty từ lúc thành lập, nhưng chỉ được chuyển thành ""cổ phần đã bán"" khi có người thanh toán và công ty hoàn tất thủ tục đăng ký thay đổi.

---

**Căn cứ pháp lý:** Điều 112 Khoản 3; Điều 123 Khoản 4; Điều 113 Khoản 5 Luật Doanh nghiệp 59/2020/QH14",59-2020-QH14:d112;59-2020-QH14:d113;59-2020-QH14:d123;59-2020-QH14:d176;59-2020-QH14:d26;59-2020-QH14:d25;59-2020-QH14:d22;168-2025-ND:d52;59-2020-QH14:d55;168-2025-ND:d43,1,1.0
380,quy định vận chuyển hàng hóa,Xe container chở gạch như thế này không có dây cố định gì cả không an toàn tí nào này mà bất ngờ phanh một cái có phải là lại gây tai nạn cho người khác không?,36-2024-QH15:d2;36-2024-QH15:d9;36-2024-QH15:d49;168-2024-ND-CP:d21;168-2024-ND-CP:d36;36-2024-QH15:d80,"# PHÂN TÍCH PHÁP LÝ

## 1. XÁC ĐỊNH VẤN ĐỀ PHÁP LÝ

Câu hỏi đặt ra liệu xe container chở gạch không được cố định hàng hóa có thể gây tai nạn cho người khác khi bất ngờ phanh, và ai sẽ chịu trách nhiệm pháp lý trong trường hợp này.

## 2. CĂN CỨ PHÁP LUẬT

**Căn cứ Điều 49 Khoản 1 Điểm d Luật Giao thông đường bộ 36/2024/QH15:**
- ""Hàng hóa vận chuyển trên xe phải được sắp xếp gọn gàng, chằng buộc chắc chắn, bảo đảm an toàn theo quy định của Bộ trưởng Bộ Giao thông vận tải""

**Căn cứ Điều 43 Khoản 2 Điểm b Luật Giao thông đường bộ 36/2024/QH15:**
- ""Chủ xe cơ giới, xe máy chuyên dùng và người điều khiển xe có trách nhiệm phải bảo dưỡng, sửa chữa để bảo đảm duy trì tình trạng kỹ thuật của phương tiện; chịu trách nhiệm theo quy định của pháp luật đối với hành vi đưa phương tiện không bảo đảm an toàn kỹ thuật và bảo vệ môi trường tham gia giao thông đường bộ""

**Căn cứ Điều 83 Khoản 1 Điểm b Luật Giao thông đường bộ 36/2024/QH15:**
- ""Người gây tai nạn giao thông đường bộ thì tùy theo tính chất, mức độ vi phạm có thể bị xử lý vi phạm hành chính hoặc bị truy cứu trách nhiệm hình sự, nếu gây thiệt hại thì phải bồi thường theo quy định của pháp luật""

## 3. PHÂN TÍCH ÁP DỤNG

Tình huống đặt ra rõ ràng **vi phạm pháp luật về an toàn vận chuyển hàng hóa**:

- **Hành vi vi phạm**: Xe container chở gạch mà **không có dây cố định hay bất kỳ biện pháp chằng buộc nào** là **vi phạm trực tiếp** Điều 49 Khoản 1 Điểm d. Quy định này yêu cầu hàng hóa phải ""chằng buộc chắc chắn, bảo đảm an toàn"". Không có dây cố định không thỏa mãn tiêu chí này.

- **Nguy hiểm tiềm ẩn**: Khi xe bất ngờ phanh, hàng hóa (gạch) không được cố định sẽ dịch chuyển hoặc rơi xuống đường. Điều này có thể:
  - Rơi trúng người/phương tiện đi phía sau hoặc phía bên cạnh
  - Làm chướng ngại vật trên đường gây mất an toàn cho các xe khác

- **Trách nhiệm của chủ xe/người lái**: Theo Điều 43 Khoản 2 Điểm b, chủ xe và người điều khiển xe có **trách nhiệm chính** đối với việc bảo đảm an toàn kỹ thuật và điều kiện an toàn của phương tiện và hàng hóa. Việc đưa phương tiện vận chuyển hàng hóa không cố định chắc chắn tham gia giao thông là hành vi có lỗi.

- **Nếu xảy ra tai nạn**: Dù xe container phanh bất ngờ là do lý do chính đáng (tránh vật cản, tránh tai nạn...), nếu điều này dẫn đến rơi hàng hóa gây thiệt hại cho người/phương tiện khác, thì:
  - Người lái xe và chủ xe vẫn **phải chịu trách nhiệm** vì nguyên nhân gốc rễ là **hành vi vi phạm tại điểm khởi đầu** (không cố định hàng hóa)
  - Điều 83 Khoản 1 Điểm b rõ ràng quy định: người gây tai nạn phải bồi thường thiệt hại

## 4. KẾT LUẬN

**Có, xe container chở gạch không có dây cố định là KHÔNG AN TOÀN và CÓ NGUY CƠ GÂY TAI NẠN**. 

Nếu bất ngờ phanh mà hàng hóa rơi, gây thiệt hại cho người hoặc phương tiện khác, **chủ xe và/hoặc người lái xe có trách nhiệm pháp lý phải bồi thường**, bởi vì:

1. Họ đã vi phạm quy định bắt buộc về chằng buộc hàng hóa chắc chắn
2. Vi phạm này là nguyên nhân trực tiếp hoặc liên quan trực tiếp dẫn đến tai nạn
3. Hành vi vi phạm có yếu tố lỗi (không thực hiện biện pháp an toàn)

---

**Căn cứ pháp lý:** Điều 49 Khoản 1 Điểm d, Điều 43 Khoản 2 Điểm b, Điều 83 Khoản 1 Điểm b Luật Giao thông đường bộ 36/2024/QH15",36-2024-QH15:d10;36-2024-QH15:d12;36-2024-QH15:d42;36-2024-QH15:d43;36-2024-QH15:d49;36-2024-QH15:d83;36-2024-QH15:d80;168-2024-ND-CP:d7;100-2019-ND-CP:d48;100-2019-ND-CP:d56,1,0.2
384,quy tắc giao thông đường bộ,Các anh chị cho e hỏi mũi tên xanh đc rẽ phải nhưng lại có mũi lên đi thẳng và rẽ phải đỏ thì oto có đc rẽ phải khi đèn đỏ ko ạ,36-2024-QH15:d11;168-2024-ND-CP:d6,"# PHÂN TÍCH PHÁP LÝ THEO PHƯƠNG PHÁP IRAC

## I. ISSUE (Vấn đề pháp lý)
Ô tô có được phép rẽ phải khi đèn đỏ sáng, trong tình huống mũi tên xanh chỉ rẽ phải nhưng có mũi lên đi thẳng kèm mũi rẽ phải đỏ cùng vị trí?

## II. RULE (Căn cứ pháp luật)

**Căn cứ Điều 11 Khoản 2 Luật Giao thông đường bộ 36/2024/QH15:**
Người tham gia giao thông đường bộ phải chấp hành báo hiệu đường bộ theo thứ tự ưu tiên từ trên xuống dưới:
- (a) Hiệu lệnh của người điều khiển giao thông
- (b) Tín hiệu đèn giao thông
- (c) Biển báo hiệu đường bộ
- (d) Vạch kẻ đường và các dấu hiệu khác trên mặt đường

**Căn cứ Điều 11 Khoản 4 Luật Giao thông đường bộ 36/2024/QH15:**
- Điểm a: Tín hiệu đèn màu xanh là được đi
- Điểm c: Tín hiệu đèn màu đỏ là cấm đi

**Căn cứ Điều 15 Khoản 2 Luật Giao thông đường bộ 36/2024/QH15:**
Trước khi chuyển hướng (bao gồm rẽ phải), người điều khiển phương tiện phải quan sát, bảo đảm an toàn, giảm tốc độ và có tín hiệu báo hướng rẽ.

## III. APPLICATION (Phân tích áp dụng)

Trong trường hợp bạn mô tả, tại giao lộ có đồng thời:
- **Mũi tên xanh rẽ phải**: cho phép rẽ phải
- **Mũi lên đi thẳng**: cho phép đi thẳng
- **Mũi rẽ phải đỏ**: cấm rẽ phải

Khi đèn giao thông hiển thị **đèn đỏ kèm mũi tên rẽ phải đỏ**, theo quy định pháp luật:

1. **Tín hiệu đèn đỏ có tính ràng buộc tuyệt đối**: Theo Điều 11 Khoản 4 Điểm c, đèn đỏ nghĩa là **""cấm đi""** - không chỉ cấm đi thẳng mà cấm mọi hướng chuyển động.

2. **Mũi tên rẽ phải đỏ là biểu hiện bổ sung**: Nó là biểu hiện cụ thể của lệnh đèn đỏ, nhằm làm rõ ràng hơn rằng **hướng rẽ phải cũng bị cấm**.

3. **Thứ tự ưu tiên áp dụng**: Tín hiệu đèn giao thông (bao gồm cả mũi tên) có thứ tự ưu tiên cao hơn biển báo hiệu (Điều 11 Khoản 2 Điểm b, c).

## IV. CONCLUSION (Kết luận)

**Ô tô KHÔNG được rẽ phải khi đèn đỏ (kể cả khi đèn đỏ có mũi tên rẽ phải).**

Đèn đỏ là lệnh cấm tuyệt đối mọi hướng chuyển động. Mũi tên rẽ phải đỏ chỉ là sự làm rõ ràng thêm rằng hướng rẽ phải cũng nằm trong phạm vi bị cấm. Nếu ô tô rẽ phải khi đèn đỏ, lái xe sẽ vi phạm quy định ""không chấp hành hiệu lệnh của đèn tín hiệu giao thông"" và bị xử phạt hành chính.

---

**Căn cứ pháp lý:** 
- Điều 11 Khoản 2, Khoản 4 Luật Giao thông đường bộ 36/2024/QH15
- Điều 15 Khoản 2 Luật Giao thông đường bộ 36/2024/QH15",36-2024-QH15:d11;36-2024-QH15:d15;36-2024-QH15:d22;100-2019-ND-CP:d47;36-2024-QH15:d24;100-2019-ND-CP:d13;36-2024-QH15:d14;168-2024-ND-CP:d8;36-2024-QH15:d27;100-2019-ND-CP:d6,1,1.0
389,xử phạt vi phạm hành chính giao thông,Cho e hỏi chạy qua tốc độ 82/60 phat cỡ nhiu vậy mọi người với đóng phạt trễ thi bi phat bao nhiêu vậy mọi người,168-2024-ND-CP:d6;168-2024-ND-CP:d7,"# TƯ VẤN PHÁP LUẬT VỀ VI PHẠM TỐC ĐỘ VÀ XỬ PHẠT LIÊN QUAN

## I. XÁC ĐỊNH VẤN ĐỀ PHÁP LÝ

Câu hỏi của bạn liên quan đến:
1. Mức phạt cho hành vi chạy quá tốc độ 82 km/h (vượt quá 60 km/h)
2. Mức phạt bổ sung cho hành vi này (nếu có tước quyền sử dụng giấy phép lái xe - GPLX)

---

## II. PHÂN TÍCH PHÁP LÝ (IRAC)

### **ISSUE (Vấn đề)**
Mức phạt tiền và biện pháp xử phạt bổ sung đối với hành vi điều khiển xe vượt quá tốc độ quy định là bao nhiêu?

### **RULE (Quy định pháp luật)**

**Căn cứ Điều 6 Khoản 6 Nghị định 168/2024/NĐ-CP:**
> ""Phạt tiền từ 6.000.000 đồng đến 8.000.000 đồng đối với người điều khiển xe thực hiện hành vi điều khiển xe chạy quá tốc độ quy định trên 20 km/h.""

**Căn cứ Điều 6 Khoản 15 Điểm c Nghị định 168/2024/NĐ-CP:**
> ""Thực hiện hành vi quy định tại điểm a, điểm b, điểm c, điểm d khoản 11; khoản 13; khoản 14 Điều này bị tước quyền sử dụng giấy phép lái xe từ 22 tháng đến 24 tháng.""

*(Lưu ý: Quy định tại Khoản 11 áp dụng cho chạy quá tốc độ trên 35 km/h trong các trường hợp nhất định như có nồng độ cồn cao hoặc nếu là tái phạm)*

### **APPLICATION (Áp dụng)**

**Sự kiện:**
- Bạn chạy tốc độ 82 km/h, vượt quá tốc độ quy định 60 km/h
- Mức vượt quá: 82 - 60 = **22 km/h** (vượt quá hơn 20 km/h)

**Phân tích:**

1. **Hành vi vi phạm:** Điều khiển xe chạy quá tốc độ quy định **trên 20 km/h** là vi phạm thuộc mức phạt cao nhất (ngoài trường hợp gây tai nạn hoặc vi phạm liên quan đến ma túy/cồn)

2. **Mức phạt tiền:** Theo Điều 6 Khoản 6, hành vi này bị phạt **từ 6.000.000 đồng đến 8.000.000 đồng**

3. **Biện pháp xử phạt bổ sung:** Trong trường hợp này, nếu không có thêm các tình tiết nặng khác (như gây tai nạn, chạy lạng lách, vi phạm về cồn/ma túy), thì không áp dụng tước GPLX.

   *Tuy nhiên,* nếu bạn sau đó tiếp tục vi phạm hành vi chạy quá tốc độ như vậy lần thứ hai, bạn sẽ bị tước GPLX từ 22-24 tháng theo Khoản 15.

4. **Trừ điểm GPLX:** Không có quy định trừ điểm trong Nghị định 168/2024/NĐ-CP đối với hành vi chạy quá tốc độ vượt quá 20 km/h (chỉ có trừ điểm khi vượt 10-20 km/h hoặc trong các trường hợp cụ thể khác).

### **CONCLUSION (Kết luận)**

**Bạn sẽ bị phạt:**
- **Tiền phạt: từ 6.000.000 đồng đến 8.000.000 đồng**
- **Không bị tước GPLX** (trừ phi là tái phạm)
- **Không bị trừ điểm GPLX** (trong trường hợp này)

Mức phạt cụ thể trong khung 6-8 triệu đồng sẽ do cơ quan Cảnh sát giao thông quyết định dựa trên các yếu tố như: tính chất, mức độ vi phạm, thái độ của bạn, tình tiết giảm nhẹ/tăng nặng nếu có.

---

## III. THÊM CHÚ Ý QUAN TRỌNG

Nếu bạn chạy **quá 35 km/h** so với tốc độ quy định (thay vì 22 km/h), bạn sẽ bị phạt **12-14 triệu đồng** theo Điều 6 Khoản 7. Do đó, hãy chắc chắn rằng mức vượt của bạn là 22 km/h, không phải cao hơn.

---

**Căn cứ pháp lý:** 
- Điều 6 Khoản 6, Khoản 15 Nghị định 168/2024/NĐ-CP",168-2024-ND-CP:d6;168-2024-ND-CP:d7;168-2024-ND-CP:d8;168-2024-ND-CP:d42;168-2024-ND-CP:d43;168-2024-ND-CP:d45;168-2024-ND-CP:d47;36-2024-QH15:d12;36-2024-QH15:d66;36-2024-QH15:d27,1,1.0
391,an toàn giao thông và trách nhiệm pháp lý,MN cho e hỏi ..hôm e có va chạm với xe khác .hoà giải ko thành...vậy khi nào họ mới trả xe e ạ,36-2024-QH15:d80;36-2024-QH15:d83;168-2024-ND-CP:d48,"# TƯ VẤN PHÁP LUẬT VỀ THỜI HẠN TRẢ XE SAU TAI NẠN GIAO THÔNG

## I. XÁC ĐỊNH VẤN ĐỀ PHÁP LỰC

Câu hỏi của anh/chị liên quan đến **thời hạn trả lại phương tiện sau khi xảy ra tai nạn giao thông** khi hoà giải không thành. Đây là vấn đề thuộc lĩnh vực **điều tra, giải quyết tai nạn giao thông đường bộ**.

## II. CĂN CỨ PHÁP LUẬT

**Căn cứ Điều 83 Khoản 2 Luật Trật tự, an toàn giao thông đường bộ 2024 (36/2024/QH15):**

Pháp luật quy định rằng **đối với tai nạn giao thông đường bộ chưa xác định có dấu hiệu tội phạm**, lực lượng chức năng có quyền:

- **Tạm giữ phương tiện, đồ vật, tài liệu** liên quan đến vụ tai nạn (Điều 83 Khoản 2 Điểm c).

Tuy nhiên, **pháp luật không quy định rõ thời hạn cụ thể trả xe** sau khi hoà giải không thành.

## III. PHÂN TÍCH ÁP DỤNG

Theo quy định hiện hành:

1. **Khi hoà giải không thành**, cơ quan Công an/Cảnh sát giao thông sẽ **lập biên bản, xác định nguyên nhân, lỗi** của các bên liên quan.

2. **Phương tiện bị tạm giữ** trong quá trình điều tra, giải quyết tai nạn giao thông. Lực lượng chức năng có quyền giữ phương tiện để:
   - Khám nghiệm hiện trường, phương tiện
   - Thu thập thông tin, dữ liệu
   - Làm căn cứ xác định trách nhiệm của các bên

3. **Thời hạn trả xe** thường được xác định dựa trên:
   - Khi hoà giải thành (lập biên bản hoà giải): xe được trả ngay
   - Khi hoà giải không thành: **cơ quan Công an sẽ lập biên bản, đề xuất xử lý và trả xe sau khi hoàn tất điều tra** (thường vài ngày đến vài tuần tùy mức độ phức tạp)

4. **Anh/chị có thể yêu cầu**:
   - Liên hệ trực tiếp với **Công an địa phương/Cảnh sát giao thông nơi lập biên bản** để hỏi tiến độ giải quyết vụ tai nạn
   - Yêu cầu cấp trên của cảnh sát giao thông nhanh chóng hoàn tất điều tra, giải quyết

## IV. KẾT LUẬN

**Theo luật hiện hành, không có quy định cụ thể về thời hạn trả xe sau hoà giải không thành.** Cơ quan Công an/Cảnh sát giao thông sẽ **trả xe sau khi hoàn tất điều tra, lập biên bản xác định lỗi** của các bên. Thời hạn này thường **không quá 7-10 ngày làm việc** cho những trường hợp đơn giản.

**Khuyến nghị**: Anh/chị nên **liên hệ trực tiếp với đơn vị Cảnh sát giao thông nơi xử lý vụ tai nạn** để:
- Hỏi tiến độ hoàn tất điều tra
- Yêu cầu trả xe khi đủ điều kiện
- Nếu bị giữ quá lâu, có quyền khiếu nại lên cấp trên

---

**Căn cứ pháp lý:**
- Điều 83 Khoản 2 Luật Trật tự, an toàn giao thông đường bộ 36/2024/QH15",36-2024-QH15:d83;36-2024-QH15:d65;100-2019-ND-CP:d5;36-2024-QH15:d2;100-2019-ND-CP:d59;168-2024-ND-CP:d9;168-2024-ND-CP:d13;168-2024-ND-CP:d34;168-2024-ND-CP:d16;100-2019-ND-CP:d32,1,1.0
406,thủ tục hành chính giao thông,"Các bác cho em hỏi em mới bị lập biên bản vphc và bị chụp lại Vneid, em sẽ nhận quyết định xử phạt ở tại nơi hẹn trong biên bản hay Vnetraffic. Và thường bao lâu sẽ nhận quyết định xử phạt ạ ??",168-2024-ND-CP:d47;168-2024-ND-CP:d46,"# TƯ VẤN PHÁP LUẬT: NHẬn QUYẾT ĐỊNH XỬ PHẠT SAU LẬP BIÊN BẢN VI PHẠM

## I. XÁC ĐỊNH VẤN ĐỀ PHÁP LÝ

Bạn đặt hai câu hỏi chính:
1. **Địa điểm nhận quyết định xử phạt**: Tại nơi hẹn trong biên bản hay qua Vnetraffic?
2. **Thời gian nhận quyết định**: Thường bao lâu sau khi lập biên bản?

## II. CĂCƠ SỞ PHÁP LÝ ÁP DỤNG

**Căn cứ Điều 47 Khoản 7 [Nghị định 168/2024/ND-CP]:**

> *""Khi xử phạt đối với chủ phương tiện quy định tại khoản 6 Điều này, thời hạn ra quyết định xử phạt có thể được kéo dài để xác minh đối tượng bị xử phạt theo quy định tại khoản 1 Điều 66 của Luật Xử lý vi phạm hành chính.""*

**Căn cứ Điều 80 Khoản 7 [Nghị định 100/2019/ND-CP]:**

> *""Khi xử phạt đối với chủ phương tiện quy định tại khoản 6 Điều này, thời hạn ra quyết định xử phạt có thể được kéo dài để xác minh đối tượng bị xử phạt theo quy định tại khoản 1 Điều 66 Luật Xử lý vi phạm hành chính **nhưng tối đa không quá 60 ngày**.""*

**Căn cứ Điều 47 Khoản 1 [Nghị định 168/2024/ND-CP] và Điều 80 Khoản 1 [Nghị định 100/2019/ND-CP]:**

> *""Trong trường hợp chủ phương tiện vi phạm có mặt tại nơi xảy ra vi phạm, thì người có thẩm quyền xử phạt lập biên bản vi phạm hành chính và **ra quyết định xử phạt** hành vi vi phạm hành chính.""*

**Căn cứ Điều 47 Khoản 12 [Nghị định 168/2024/ND-CP]:**

> *""Việc gửi quyết định xử phạt vi phạm hành chính... có thể gửi cho người vi phạm theo tài khoản đã đăng ký trên Cổng dịch vụ công Quốc gia, Cổng dịch vụ công Bộ Công an... **Ứng dụng giao thông trên thiết bị di động**...""*

## III. PHÂN TÍCH ÁP DỤNG

### 1. **Về địa điểm nhận quyết định xử phạt**

Pháp luật giao thông Việt Nam không quy định bắt buộc nhân người vi phạm phải đến nơi hẹn trong biên bản để nhận quyết định xử phạt. Thay vào đó:

- **Quyết định xử phạt có thể được gửi trực tiếp** tới bạn qua các hình thức:
  - Tài khoản Cổng dịch vụ công Quốc gia
  - Cổng dịch vụ công Bộ Công an
  - **Ứng dụng Vnetraffic** (ứng dụng giao thông trên thiết bị di động do Bộ Công an quản lý)
  - Giấy tờ gửi trực tiếp (nếu cơ quan chọn)

- **Bạn có thể không cần đến nơi hẹn trong biên bản** để nhận quyết định nếu cơ quan gửi quyết định qua các phương tiện điện tử nêu trên.

### 2. **Về thời hạn nhận quyết định xử phạt**

Thời gian nhận quyết định xử phạt phụ thuộc vào tình huống cụ thể:

**Trường hợp bạn có mặt tại nơi vi phạm:**
- Cơ quan chức năng **có thể ra quyết định xử phạt ngay tại chỗ** và thông báo cho bạn trong biên bản
- Hoặc **gửi sau đó qua các kênh điện tử** (Vnetraffic, Cổng dịch vụ công)

**Trường hợp bạn không có mặt tại nơi vi phạm:**
- Thời hạn ra quyết định xử phạt **có thể kéo dài tối đa 60 ngày** để xác minh chủ phương tiện (theo Nghị định 100/2019)
- Trong thời gian này, cơ quan sẽ gửi **thông báo yêu cầu bạn đến giải quyết vụ việc** qua Vnetraffic hoặc văn bản

**Thời hạn chung:**
- Theo Điều 4 Nghị định 168/2024, **thời hiệu xử phạt là 01 năm** kể từ khi vi phạm. Vậy cơ quan phải ra quyết định xử phạt trong vòng 1 năm.

## IV. KẾT LUẬN

**Trả lời câu hỏi cụ thể của bạn:**

1. **Bạn sẽ nhận quyết định xử phạt ở đâu?**
   - **Chủ yếu qua Vnetraffic hoặc Cổng dịch vụ công**, không nhất thiết phải đến nơi hẹn trong biên bản
   - Nếu cơ quan chọn cách gửi trực tiếp, họ sẽ liên hệ với bạn theo thông tin trong biên bản

2. **Bao lâu sẽ nhận quyết định?**
   - **Nếu bạn có mặt khi lập biên bản:** Có thể nhận trong vài ngày đến 2 tuần
   - **Nếu bạn không có mặt:** Tối đa **60 ngày** để cơ quan xác minh và ra quyết định
   - **Ngoài ra:** Tổng cộng không được vượt quá **1 năm** từ ngày vi phạm

**Lưu ý:** Bạn nên theo dõi **Vnetraffic hoặc Cổng dịch vụ công** thường xuyên để không bỏ sót quyết định xử phạt của mình.

---

**Căn cứ pháp lý:**
- Điều 47 Khoản 1, 7, 12 [Nghị định 168/2024/ND-CP]
- Điều 80 Khoản 1, 7 [Nghị định 100/2019/ND-CP]  
- Điều 4 Khoản 1 [Nghị định 168/2024/ND-CP]",168-2024-ND-CP:d47;100-2019-ND-CP:d82;100-2019-ND-CP:d80;168-2024-ND-CP:d16;168-2024-ND-CP:d2;168-2024-ND-CP:d46;168-2024-ND-CP:d4;168-2024-ND-CP:d52;59-2020-QH14:d150;100-2019-ND-CP:d2,1,1.0
478,quyền và nghĩa vụ chủ phương tiện,Mn cho em hỏi. Em bán xe 70250 cho cửa hàng 2 năm rồi. Mà chưa có ai rút sang tên. Lỡ người mua mà vi phạm là toang luôn. Có cách nào ko mn. Em cám ơn,168-2024-ND-CP:d32;36-2024-QH15:d39;36-2024-QH15:d43,"# PHÂN TÍCH PHÁP LỰC VỀ TRÁCH NHIỆM PHÁP LỆ KHI CHƯA RÚT SANG TÊN XE

## I. VẤNĐỀ PHÁP LỰC

Khi bán xe nhưng chưa thực hiện thủ tục rút sang tên cho người mua, bạn (người bán) vẫn là chủ xe ghi trong chứng nhận đăng ký. Nếu người mua vi phạm giao thông, liệu bạn có phải chịu trách nhiệm pháp lệ không?

## II. CĂNĐỨ PHÁP LUẬT

**Căn cứ Điều 39 Khoản 2 Luật Trật tự, an toàn giao thông đường bộ 36/2024/QH15:**
Việc cấp chứng nhận đăng ký xe trong trường hợp thay đổi chủ xe phải bảo đảm điều kiện thu hồi đăng ký xe, biển số xe cũ và chứng nhận quyền sở hữu hợp pháp của người mua mới.

**Căn cứ Điều 32 Khoản 3 và Khoản 7 Nghị định 168/2024/ND-CP:**
- Chủ xe không làm thủ tục cấp chứng nhận đăng ký xe khi thay đổi chủ xe bị phạt tiền 800.000 - 1.000.000 đồng (xe mô tô, xe gắn máy)
- Chủ xe ô tô không làm thủ tục cấp chứng nhận đăng ký xe khi thay đổi chủ xe bị phạt tiền 4.000.000 - 6.000.000 đồng

## III. PHÂN TÍCH ÁP DỤNG

Tình huống của bạn rơi vào trường hợp **chưa hoàn tất thủ tục chuyển đổi chủ xe**. Theo quy định pháp luật:

1. **Bạn là chủ xe pháp lệ**: Cho đến khi rút sang tên thành công, chứng nhận đăng ký xe vẫn ghi bạn là chủ xe. Pháp luật xem chủ xe là người có tên trong chứng nhận đăng ký.

2. **Trách nhiệm của chủ xe**: Căn cứ Điều 32 Nghị định 168/2024/ND-CP, **chủ xe phải chịu trách nhiệm pháp lệ về các vi phạm liên quan đến đăng ký xe, bất kể người điều khiển là ai**. Cụ thể:
   - Nếu người mua vi phạm quy định về đăng ký xe (không rút sang tên), **bạn là người bị phạt** vì bạn là chủ xe pháp lệ.
   - Nếu người mua vi phạm giao thông (chạy quá tốc độ, vượt ẩu...), theo nguyên tắc, **người điều khiển** phải chịu trách nhiệm, nhưng **bạn vẫn phải chịu trách nhiệm nếu vi phạm liên quan đến tình trạng xe, giấy tờ đăng ký**.

3. **Rủi ro đặc biệt**: Căn cứ Điều 32 Khoản 7 Nghị định 168/2024/ND-CP, nếu người mua đưa xe không có chứng nhận đăng ký (hoặc đã hết hạn) tham gia giao thông, **bạn bị phạt 4.000.000 - 6.000.000 đồng** vì không thực hiện thủ tục cấp chứng nhận đăng ký xe khi thay đổi chủ xe.

## IV. KẾTLUẬN VÀ GIẢI PHÁP

**Bạn PHẢI thực hiện rút sang tên ngay lập tức.** Nếu không:

✘ **Rủi ro cao**: Mỗi ngày chưa rút sang tên, bạn đều tiềm ẩn rủi ro bị phạt nếu xe vi phạm giao thông hoặc quy định về đăng ký.

✘ **Trách nhiệm vô hạn**: Vì bạn vẫn là chủ xe pháp lệ, bạn chịu trách nhiệm về mọi vi phạm liên quan đến tình trạng, đăng ký xe.

✘ **Giải pháp**: Yêu cầu người mua đến cơ quan đăng ký xe (Phòng Cảnh sát Giao thông - Công an) để:
- Nộp hồ sơ: Hợp đồng bán xe, giấy tờ chứng minh nhân dân, chứng nhận đăng ký xe cũ
- Làm thủ tục rút sang tên (cấp chứng nhận đăng ký xe mới)
- Cấp biển số xe mới

**Nếu người mua từ chối hoặc quá hạn**: Bạn có quyền yêu cầu cơ quan cảnh sát giao thông xử phạt người mua hoặc khởi động quy trình giải quyết tranh chấp hợp đồng dân sự với người mua.

---

**Căn cứ pháp lý:** Điều 39 Khoản 2 Luật 36/2024/QH15; Điều 32 Khoản 3, Khoản 7 Nghị định 168/2024/ND-CP",36-2024-QH15:d39;168-2024-ND-CP:d32;59-2020-QH14:d211;59-2020-QH14:d153;59-2020-QH14:d192;100-2019-ND-CP:d42;168-2024-ND-CP:d4;36-2024-QH15:d42;100-2019-ND-CP:d63;100-2019-ND-CP:d58,1,1.0
527,đăng kiểm,"Tự động giãn chu kỳ kiểm định, chủ xe đóng phí bảo trì đường bộ thế nào?Cục Đăng kiểm VN cho biết, chủ xe có thể đợi đến kỳ kiểm định tới, khi đến trung tâm đăng kiểm để khám xe, đơn vị đăng kiểm sẽ tiến hành truy thu số tiền phí bảo trì đường bộ chủ xe cần phải đóng trong 6 tháng được gia hạn thêm.Hoặc nếu sắp xếp được thời gian, chủ xe có thể chủ động đến đơn vị đăng kiểm để nộp phí bảo trì đường bộ cho khoảng thời gian được giãn kiểm định.",36-2024-QH15:d42;36-2024-QH15:d43,"# TƯ VẤN PHÁP LUẬT: GIÃN KỲ KIỂM ĐỊNH VÀ ĐÓNG PHÍ BẢO TRÌ ĐƯỜNG BỘ

## I. XÁC ĐỊNH VẤN ĐỀ PHÁP LÝ

Vấn đề cần giải quyết là: Khi chu kỳ kiểm định xe được tự động giãn (hoãn lại), chủ xe phải đóng phí bảo trì đường bộ cho khoảng thời gian được giãn như thế nào? Có bắt buộc phải đóng hay có lựa chọn?

## II. CĂNCỨ PHÁP LUẬT

**Căn cứ Điều 42 Khoản 1 Luật Giao thông đường bộ (36/2024/QH15):**
""Xe cơ giới, xe máy chuyên dùng tham gia giao thông đường bộ phải được kiểm định theo quy định của pháp luật.""

Tuy nhiên, tài liệu pháp luật được cung cấp **KHÔNG chứa quy định cụ thể** về:
- Cơ chế tự động giãn chu kỳ kiểm định
- Cách tính toán và đóng phí bảo trì đường bộ cho khoảng thời gian được giãn
- Quyền lựa chọn hoặc bắt buộc đóng phí của chủ xe

## III. PHÂN TÍCH ỨNG DỤNG

Dựa trên thông tin từ Cục Đăng kiểm Việt Nam được nêu trong câu hỏi, có **hai phương án** cho chủ xe:

**Phương án 1 - Chủ động nộp phí bảo trì:**
- Chủ xe có thể chủ động đến đơn vị đăng kiểm trước kỳ kiểm định tới
- Nộp phí bảo trì đường bộ cho toàn bộ khoảng thời gian được giãn (6 tháng)
- Đây là quyền lựa chọn tùy ý của chủ xe

**Phương án 2 - Truy thu khi kiểm định:**
- Chủ xe chờ đến kỳ kiểm định tiếp theo
- Khi đến trung tâm đăng kiểm khám xe, đơn vị sẽ truy thu phí bảo trì đường bộ cho 6 tháng được gia hạn
- Đây là phương thức thực hiện bắt buộc tại thời điểm kiểm định

## IV. KẾTLUẬN

**Chủ xe có hai lựa chọn:**

1. **Chủ động nộp:** Nếu sắp xếp được thời gian, chủ xe có thể tự nguyện đến đơn vị đăng kiểm để nộp phí bảo trì đường bộ cho khoảng thời gian được giãn, không cần chờ đến kỳ kiểm định tới.

2. **Truy thu tại kiểm định:** Nếu không chủ động nộp, chủ xe sẽ phải đóng phí khi đến kiểm định, lúc đó đơn vị đăng kiểm sẽ tiến hành truy thu số tiền phí bảo trì đường bộ cho 6 tháng được giãn.

**Quan trọng:** Dù chọn phương án nào, chủ xe **vẫn phải đóng phí bảo trì đường bộ đầy đủ** cho khoảng thời gian được gia hạn. Không có trường hợp được miễn hoặc giảm phí do kiểm định bị giãn.

---

**Căn cứ pháp lý:** Điều 42 Khoản 1 Luật Giao thông đường bộ (36/2024/QH15)",36-2024-QH15:d42;100-2019-ND-CP:d38;100-2019-ND-CP:d15;168-2024-ND-CP:d17;100-2019-ND-CP:d4;59-2020-QH14:d70;100-2019-ND-CP:d30;36-2024-QH15:d75;100-2019-ND-CP:d12;36-2024-QH15:d55,1,1.0
535,vượt đèn đỏ,Đèn báo rẽ trái ko báo mà chỉ có đèn xanh như này em rẽ trái theo làn đường rẽ trái liệu như này có bị phạt nguội đèn đỏ ko .đèn báo rẽ trái bị lỗi,36-2024-QH15:d11;168-2024-ND-CP:d6;168-2024-ND-CP:d7,"# PHÂN TÍCH PHÁP LỰC VỀ PHẠT NGUỘI ĐÈNG ĐỎ KHI ĐÈN BÁO RẼ TRÁI BỊ LỖI

## I. XÁC ĐỊNH VẤN ĐỀ PHÁP LỰC

Vấn đề cần giải quyết là: Khi đèn báo rẽ trái của xe bị hư hỏng/lỗi, người lái xe rẽ trái theo làn đường rẽ trái có phải bị phạt vi phạm đèn đỏ (phạt nguội) hay không?

## II. CĂN CỨ PHÁP LUẬT

**1. Về quy tắc chuyển hướng và tín hiệu báo hướng:**
- Căn cứ **Điều 15 Khoản 2** Luật Giao thông đường bộ 36/2024/QH15: ""Trước khi chuyển hướng, người điều khiển phương tiện tham gia giao thông đường bộ phải quan sát, bảo đảm khoảng cách an toàn với xe phía sau, giảm tốc độ và **có tín hiệu báo hướng rẽ** hoặc có tín hiệu bằng tay...""

**2. Về tuân thủ báo hiệu đèn giao thông:**
- Căn cứ **Điều 11 Khoản 2** Luật Giao thông đường bộ 36/2024/QH15: Thứ tự ưu tiên tuân thủ báo hiệu từ cao xuống thấp là:
  - (a) Hiệu lệnh của người điều khiển giao thông
  - (b) **Tín hiệu đèn giao thông**
  - (c) Biển báo hiệu đường bộ
  - (d) Vạch kẻ đường

**3. Về quy định tín hiệu đèn giao thông:**
- Căn cứ **Điều 11 Khoản 4 điểm (c)** Luật Giao thông đường bộ 36/2024/QH15: ""Tín hiệu đèn màu đỏ là cấm đi""

**4. Về phạt vi phạm đèn tín hiệu (đèn báo hướng rẽ):**
- Căn cứ **Điều 14 Khoản 1 điểm (b)** Nghị định 168/2024/NĐ-CP: ""Phạt tiền từ 400.000 đồng đến 600.000 đồng đối với...Điều khiển xe không có đèn tín hiệu hoặc có nhưng **không có tác dụng**""

## III. PHÂN TÍCH ÁP DỤNG

**Tình huống thực tế:**
- Đèn báo rẽ trái bị lỗi (không hoạt động)
- Người lái xe rẽ trái theo làn đường rẽ trái (không vào làn đỏ)
- Chỉ có tín hiệu đèn xanh (đèn giao thông chính)

**Phân tích chi tiết:**

1. **Về tuân thủ tín hiệu giao thông:**
   - Đèn xanh là tín hiệu ""được đi"" theo Điều 11 Khoản 4 điểm (a)
   - Rẽ trái theo làn đường rẽ trái khi có đèn xanh là **tuân thủ quy định tín hiệu chính**
   - Đây KHÔNG phải vi phạm đèn đỏ, vì người lái xe đang tuân thủ đèn xanh

2. **Về tín hiệu báo hướng rẽ:**
   - Người lái xe có trách nhiệm phải có tín hiệu báo hướng rẽ (Điều 15 Khoản 2)
   - Tuy nhiên, **khi thiết bị báo hướng rẽ bị lỗi**, người lái xe có thể sử dụng **tín hiệu bằng tay** (theo quy định ""hoặc có tín hiệu bằng tay"")
   - Việc thiết bị bị lỗi khác với việc **không tuân thủ tín hiệu đèn giao thông chính**

3. **Về xác định hành vi vi phạm:**
   - Vi phạm đèn đỏ (phạt nguội) xảy ra khi người lái xe rẽ (hoặc đi thẳng) **khi đèn giao thông chính là đỏ**
   - Trong trường hợp này, người lái xe tuân thủ đèn xanh, do đó **không vi phạm đèn đỏ**
   - Tuy nhiên, người lái xe **CÓ THỂ bị phạt vi phạm khác**: không có tín hiệu báo hướng rẽ (400.000-600.000 đồng theo Điều 14 Khoản 1 điểm (b) NĐ-CP)

## IV. KẾT LUẬN

**Trả lời trực tiếp:**

**KHÔNG BỊ PHẠT VI PHẠM ĐÈN ĐỎ (PHẠT NGUỘI)** vì:
- Người lái xe rẽ trái khi **đèn giao thông chính là xanh** (được đi)
- Rẽ trái theo làn đường rẽ trái là tuân thủ quy định
- Phạt nguội chỉ áp dụng khi vi phạm tín hiệu đèn đỏ, không phải xanh

**NHƯNG CÓ THỂ BỊ PHẠT VI PHẠM KHÁC:**
- Bị phạt tiền **400.000 đến 600.000 đồng** vì điều khiển xe không có đèn tín hiệu (báo hướng rẽ) hoặc có nhưng không có tác dụng
- Nên sử dụng **tín hiệu bằng tay** để báo hiệu rẽ trái (theo quy định của Điều 15 Khoản 2) để tránh bị phạt

---

**Căn cứ pháp lý:**
- Điều 11 Khoản 2, 4 Luật Giao thông đường bộ 36/2024/QH15
- Điều 15 Khoản 2 Luật Giao thông đường bộ 36/2024/QH15
- Điều 14 Khoản 1 điểm (b) Nghị định 168/2024/NĐ-CP",36-2024-QH15:d11;36-2024-QH15:d15;36-2024-QH15:d74;36-2024-QH15:d13;36-2024-QH15:d24;168-2024-ND-CP:d14;36-2024-QH15:d25;36-2024-QH15:d32;168-2024-ND-CP:d15;36-2024-QH15:d89,1,1.0
537,xử phạt vi phạm giao thông,Ae nay ra đường có còn phải mang gplx và đăng kí xe khi đã tích hợp thông tin trên app nữa k ad..??,36-2024-QH15:d56;168-2024-ND-CP:d18,"# TƯ VẤN PHÁP LUẬT VỀ YÊU CẦU MANG THEO GIẤY PHÉP LÁI XE VÀ ĐĂNG KÍ XE

## I. XÁC ĐỊNH VẤN ĐỀ PHÁP LÝ

Vấn đề cần giải quyết là: Khi thông tin giấy phép lái xe (GPLX) và chứng nhận đăng ký xe (CRX) đã được tích hợp vào ứng dụng định danh điện tử, liệu người lái xe còn **phải mang theo bản giấy tờ vật lý** hay có thể chỉ sử dụng thông tin điện tử khi tham gia giao thông đường bộ?

## II. CĂN CỨ PHÁP LUẬT

**Căn cứ Điều 56 Khoản 3 Luật Giao thông đường bộ 36/2024/QH15:**

> ""Trường hợp giấy tờ quy định tại khoản 1 và khoản 2 Điều này đã được tích hợp vào tài khoản định danh điện tử thì việc xuất trình, kiểm tra **có thể thực hiện** thông qua tài khoản định danh điện tử.""

**Căn cứ Điều 56 Khoản 1 Luật Giao thông đường bộ 36/2024/QH15:**

Quy định rõ khi tham gia giao thông đường bộ, người lái xe phải mang theo:
- a) Chứng nhận đăng ký xe hoặc bản sao có chứng thực
- b) Giấy phép lái xe
- c) Chứng nhận kiểm định an toàn kỹ thuật
- d) Chứng nhận bảo hiểm bắt buộc

## III. PHÂN TÍCH ÁP DỤNG

Luật sư tư vấn rằng, pháp luật Việt Nam hiện nay **cho phép lựa chọn** giữa hai hình thức:

1. **Mang theo bản giấy tờ vật lý** của GPLX và CRX (theo quy định tại Khoản 1, Điều 56)

2. **Sử dụng tài khoản định danh điện tử** để xuất trình thông tin (theo Khoản 3, Điều 56) - nếu các giấy tờ đã được tích hợp vào hệ thống này

**Điểm quan trọng:** Luật không bắt buộc người lái xe phải mang theo bản giấy tờ vật lý nếu thông tin đã được tích hợp vào tài khoản định danh điện tử. Cụm từ ""**có thể thực hiện**"" (không phải ""chỉ có thể"") cho thấy đây là một lựa chọn hợp pháp.

Tuy nhiên, **điều kiện tiên quyết** là:
- Giấy tờ phải **đã được tích hợp** vào tài khoản định danh điện tử chính thức
- Khi cơ quan chức năng yêu cầu kiểm tra, bạn phải có khả năng **xuất trình được thông tin** thông qua ứng dụng định danh điện tử

## IV. KẾT LUẬN

**Câu trả lời: KHÔNG cần thiết phải mang theo bản giấy tờ vật lý** nếu đã tích hợp thông tin GPLX và CRX vào tài khoản định danh điện tử. Bạn có thể xuất trình thông tin qua ứng dụng định danh điện tử khi cảnh sát giao thông yêu cầu kiểm tra.

Tuy nhiên, cần lưu ý:
- Thiết bị điện thoại phải **hoạt động bình thường, có kết nối internet** để truy cập tài khoản
- Nên **chuẩn bị giải pháp thay thế** (mang bản vật lý hoặc có thông tin liên lạc) trong trường hợp thiết bị gặp sự cố

---

**Căn cứ pháp lý:**
- Điều 56 Khoản 1, Khoản 3 - Luật Giao thông đường bộ 36/2024/QH15",36-2024-QH15:d56;36-2024-QH15:d62;36-2024-QH15:d35;36-2024-QH15:d39;100-2019-ND-CP:d86;47-2021-ND:d2;100-2019-ND-CP:d45;100-2019-ND-CP:d5;36-2024-QH15:d5;168-2024-ND-CP:d5,1,1.0
547,tai nạn giao thông,"Đường Lương Định Của - TP. Thủ Đức.Sáng qua (23/5), tài xế xe mở cửa xe thiếu quan sát gây TN rồi còn yêu cầu anh xe ôm công nghệ bồi thường 3 củ nữa..theo mọi người ý sao ạ",36-2024-QH15:d19;168-2024-ND-CP:d6;36-2024-QH15:d80,"# TÁCH GỬI PHÁP LÝ VỀ TRÁCH NHIỆM BỒI THƯỜNG TRONG TAI NẠN GIAO THÔNG

## I. XÁC ĐỊNH VẤN ĐỀ PHÁP LÝ

Vấn đề pháp lý cần giải quyết là: **Ai chịu trách nhiệm bồi thường khi một tài xế xe ô tô mở cửa xe không quan sát đầy đủ, gây tai nạn với người điều khiển xe ôm công nghệ, và liệu người gây tai nạn có quyền yêu cầu bồi thường từ nạn nhân hay không?**

---

## II. CĂN CỨ PHÁP LUẬT

**Căn cứ Điều 19 Luật Giao thông đường bộ 36/2024/QH15:**
> ""1. Chỉ được mở cửa xe khi xe đã dừng, đỗ.
> 2. Trước khi mở cửa xe, người mở cửa phải quan sát phía trước, phía sau và bên phía mở cửa xe, khi thấy an toàn mới được mở cửa xe, ra khỏi xe; không để cửa xe mở nếu không bảo đảm an toàn.""

**Căn cứ Điều 83 Luật Giao thông đường bộ 36/2024/QH15 (Nguyên tắc xử lý tai nạn):**
> ""Người gây tai nạn giao thông đường bộ thì tùy theo tính chất, mức độ vi phạm có thể bị xử lý vi phạm hành chính hoặc bị truy cứu trách nhiệm hình sự, **nếu gây thiệt hại thì phải bồi thường theo quy định của pháp luật**.""

---

## III. PHÂN TÍCH PHÁP LÝ

### 1. Xác định hành vi vi phạm của tài xế xe ô tô

Tài xế xe ô tô đã **vi phạm nghiêm trọng** quy định Điều 19 Luật Giao thông đường bộ bằng cách:
- Mở cửa xe mà **không quan sát đầy đủ** phía sau và bên phía mở cửa
- Hành vi này trực tiếp dẫn đến tai nạn với xe ôm công nghệ

Đây là **lỗi chủ động** vì Luật giao thông rõ ràng quy định người mở cửa **""phải quan sát phía trước, phía sau và bên phía mở cửa xe, khi thấy an toàn mới được mở cửa xe""**. Người tài xế không tuân thủ nghĩa vụ này.

### 2. Trách nhiệm bồi thường

Theo Điều 83 Luật Giao thông đường bộ 36/2024/QH15, **người gây tai nạn phải bồi thường thiệt hại**. Trong trường hợp này:

- **Người chịu trách nhiệm bồi thường là: Tài xế xe ô tô** (người gây tai nạn)
- **Người bị thiệt hại là: Tài xế xe ôm công nghệ** (nạn nhân)

### 3. Phân tích yêu cầu bồi thường ngược chiều

**Tài xế xe ô tô yêu cầu xe ôm bồi thường 3 triệu là không có cơ sở pháp luật** vì:

**a) Xe ôm không phải là người gây tai nạn:**
- Xe ôm đang tham gia giao thông bình thường trên đường
- Không có chứng cứ cho thấy xe ôm có hành vi vi phạm pháp luật giao thông
- Xe ôm không thể dự đoán được hành động của tài xế mở cửa xe một cách không an toàn

**b) Nguyên tắc pháp luật dân sự:**
- Để yêu cầu bồi thường, người đó phải là ""người gây ra thiệt hại"" (theo quy định chung của pháp luật dân sự)
- Tài xế xe ô tô là người **chủ động, tự nguyện** mở cửa xe mà không quan sát
- Hành vi này là **nguyên nhân trực tiếp** dẫn tới tai nạn

**c) Không có căn cứ pháp luật cho yêu cầu bồi thường ngược chiều:**
- Pháp luật giao thông không quy định trường hợp nạn nhân phải bồi thường cho người gây tai nạn
- Ngược lại, Điều 83 rõ ràng quy định: **""người gây tai nạn ... phải bồi thường""**

---

## IV. KẾT LUẬN

**Theo ý kiến pháp lý:**

1. **Tài xế xe ô tô là người vi phạm pháp luật giao thông** vì mở cửa xe không quan sát đầy đủ, gây tai nạn.

2. **Tài xế xe ô tô là người phải bồi thường** cho tài xế xe ôm công nghệ (nạn nhân), không phải ngược lại.

3. **Yêu cầu bồi thường 3 triệu từ xe ôm là không có cơ sở pháp luật** và có thể coi là hành vi **""lạm dụng, lợi dụng""** trong xử lý tai nạn giao thông, bị cấm theo Điều 83 Luật Giao thông đường bộ.

4. **Khuyến nghị:**
   - Tài xế xe ôm nên **báo cơ quan Công an** để lập biên bản tai nạn
   - Yêu cầu tài xế xe ô tô bồi thường toàn bộ thiệt hại (xe hỏng, y tế, ...)
   - Nếu bị tài xế xe ô tô đe dọa hoặc hành xử thiếu khoan nhượng, có thể **tố cáo vi phạm pháp luật**

---

**Căn cứ pháp lý:** Điều 19, Điều 83 Luật Giao thông đường bộ 36/2024/QH15",36-2024-QH15:d19;36-2024-QH15:d80;36-2024-QH15:d83;59-2020-QH14:d131;100-2019-ND-CP:d32;168-2024-ND-CP:d33;36-2024-QH15:d30;36-2024-QH15:d18;36-2024-QH15:d52;100-2019-ND-CP:d51,1,1.0
550,phạt nguội,"Hnay em đi từ Văn Phú về Lê Trọng Tấn có đi nhầm vào làn brt mất 20m, liệu có bị phạt nguội không ạ, em thấy hoang mang quá",36-2024-QH15:d13;168-2024-ND-CP:d6,"# TƯ VẤN PHÁP LÝ: PHẠT NGUỘI VÌ ĐI NHẦM LAN BRT

## 1. XÁC ĐỊNH VẤN ĐỀ PHÁP LÝ

Bạn đã vô tình đi vào làn BRT (Bus Rapid Transit - làn dành riêng cho xe buýt) trong khoảng 20 mét. Câu hỏi cần được giải quyết là: Hành vi này có bị phạt nguội (phạt qua ảnh/camera) hay không, và mức phạt là bao nhiêu?

## 2. CĂCN CỨ PHÁP LUẬT

**Căn cứ Điều 13 Khoản 4 Luật Giao thông đường bộ 36/2024/QH15:**
> ""Trên làn đường dành riêng cho một loại phương tiện hoặc một nhóm loại phương tiện, người điều khiển loại phương tiện khác không được đi vào làn đường đó.""

**Căn cứ Điều 6 Khoản 5 Điểm i Nghị định 168/2024/ND-CP:**
> ""Phạt tiền từ 4.000.000 đồng đến 6.000.000 đồng... đi vào khu vực cấm, đường có biển báo hiệu có nội dung cấm đi vào đối với loại phương tiện đang điều khiển, trừ các hành vi vi phạm quy định tại điểm d khoản 9, điểm đ khoản 11 Điều này, hành vi bị cấm đi vào công trình thủy lợi và các trường hợp xe ưu tiên đang đi làm nhiệm vụ khẩn cấp theo quy định.""

## 3. PHÂN TÍCH PHÁP LÝ (IRAC)

**Issue (Vấn đề):**
Hành vi đi vào làn BRT (làn dành riêng cho xe buýt) có bị xử phạt không, và có phải là phạt nguội?

**Rule (Quy tắc):**
Làn BRT là một loại **làn đường dành riêng** cho các phương tiện được phép (chủ yếu là xe buýt công cộng). Theo pháp luật, các phương tiện khác (xe cá nhân, xe máy) không được phép đi vào làn này.

Hành vi đi vào làn BRT thuộc tính chất vi phạm về ""đi vào đường/làn có biển báo cấm đi vào"". Đây không phải hành vi gây tai nạn, mà chỉ là vi phạm đơn thuần về không chấp hành biển báo hiệu.

**Application (Áp dụng):**
- Bạn đi nhầm vào làn BRT 20 mét, điều này vi phạm quy định tại Điều 13 Khoản 4 Luật Giao thông đường bộ.
- Hành vi này thuộc loại **""đi vào làn/đường có biển báo cấm đi vào đối với loại phương tiện đang điều khiển""** quy định tại **Điều 6 Khoản 5 Điểm i Nghị định 168/2024/ND-CP**.
- **Mức phạt: Từ 4.000.000 đồng đến 6.000.000 đồng**.

**Conclusion (Kết luận):**
Về **phạt nguội**: Hành vi này **CÓ THỂ bị phạt nguội** nếu bạn bị camera ghi lại. Tuy nhiên, trong thực tế, phạt nguội thường áp dụng cho các vi phạm như vượt đèn đỏ, chạy quá tốc độ, đỗ xe sai quy định. Đối với vi phạm đi nhầm làn BRT, nếu bị xử lý, cơ quan chức năng có thể áp dụng phạt nguội hoặc phạt trực tiếp tùy theo cơ chế quản lý.

---

## 4. LỜI KHUYÊN THỰC TẾ

- **Nếu bạn chưa nhận được phạt**: Hãy lưu ý tránh đi vào làn BRT trong tương lai, vì hành vi này có nguy cơ bị phạt từ 4-6 triệu đồng.
- **Nếu bạn nhận được phạt**: Hành vi này là vi phạm rõ ràng, khó có cơ sở khiếu nại.
- **Hạn chế rủi ro**: Khi lái xe, hãy chú ý đến các biển báo hiệu phân biệt làn đường, đặc biệt là làn BRT được tô màu khác biệt hoặc có biển báo rõ ràng.

---

**Căn cứ pháp lý:**
- Điều 13 Khoản 4 Luật Giao thông đường bộ 36/2024/QH15
- Điều 6 Khoản 5 Điểm i Nghị định 168/2024/ND-CP",36-2024-QH15:d13;36-2024-QH15:d25;168-2024-ND-CP:d6;100-2019-ND-CP:d51;59-2020-QH14:d206;168-2025-ND:d85;59-2020-QH14:d16;100-2019-ND-CP:d48;36-2024-QH15:d32;168-2024-ND-CP:d8,1,1.0
574,giấy phép lái xe,Bằng lái xe của bạn sắp hết hạn hoặc đã hết hạn trên 1 ngày? Phải chuẩn bị những gì? Có phải có mặt không?,36-2024-QH15:d62;168-2024-ND-CP:d18,"# TƯ VẤN PHÁP LUẬT VỀ BẰNG LÁI XE HẾT HẠN

## I. XÁC ĐỊNH VẤN ĐỀ

Câu hỏi đặt ra ba nội dung chính:
1. Xử lý khi bằng lái xe sắp hết hạn hoặc hết hạn từ 1 ngày trở lên
2. Những chuẩn bị cần thiết
3. Yêu cầu có mặt khi thực hiện

## II. CĂNG CỨ PHÁP LUẬT

Căn cứ Điều 62 Khoản 2 Luật Giao thông đường bộ 36/2024/QH15 và Điều 21 Khoản 4 Nghị định 168/2024/NĐ-CP.

## III. PHÂN TÍCH ÁP DỤNG

### 1. **Quyền được đổi/cấp lại bằng lái xe hết hạn**

Theo Điều 62 Khoản 2 Luật 36/2024/QH15, người có bằng lái xe được **đổi hoặc cấp lại bằng lái xe** trong trường hợp **""Trước thời hạn ghi trên giấy phép lái xe""** (điểm c). Điều này có nghĩa bằng lái còn hiệu lực hoặc sắp hết hạn đều có thể đổi/cấp lại.

### 2. **Xử phạt nếu lái xe với bằng đã hết hạn**

Tuy nhiên, **nếu bạn tiếp tục điều khiển xe sau khi bằng hết hạn từ 1 ngày trở lên**, bạn sẽ bị xử phạt:

- **Nếu bằng hết hạn dưới 1 năm**: Phạt tiền **8-10 triệu đồng** và bị tước quyền sử dụng bằng lái xe từ **1-3 tháng** (Điều 18 Khoản 8 Nghị định 168/2024/NĐ-CP)

- **Nếu bằng hết hạn từ 1 năm trở lên**: Phạt tiền **18-20 triệu đồng** (Điều 18 Khoản 9 Nghị định 168/2024/NĐ-CP)

### 3. **Chuẩn bị cần thiết để đổi/cấp lại bằng lái xe**

Luật không chi tiết liệt kê từng tài liệu trong phạm vi tài liệu tham khảo được cung cấp. Tuy nhiên, Điều 60 Khoản 1 Luật 36/2024/QH15 quy định: người có nhu cầu được cấp bằng lái xe **phải được đào tạo nội dung lý thuyết và thực hành**. Điều này ngụ ý việc đổi/cấp lại bằng hết hạn cần thực hiện thủ tục đúng theo quy định của Chính phủ (mà chi tiết được Bộ Giao thông Vận tải quy định tại Điều 62 Khoản 6 Luật 36/2024/QH15).

### 4. **Yêu cầu có mặt**

Vì đây là thủ tục cấp hành chính liên quan đến các bộ phận xác định sức khỏe, xác nhận danh tính, và tiếp nhận tài liệu, **bạn bắt buộc phải có mặt hoàn toàn** để:
- Ký tên vào các tài liệu
- Thực hiện các bước kiểm tra (nếu cần)
- Nhận bằng lái xe được cấp lại

## IV. KẾT LUẬN

1. **Lái xe với bằng hết hạn từ 1 ngày trở lên là vi phạm hành chính**, bị phạt tiền cao (8-20 triệu đồng) và bị tước quyền lái.

2. **Chuẩn bị**: Liên hệ cơ quan cấp bằng lái xe (Sở Giao thông Vận tải) để biết đầy đủ tài liệu cần thiết (thường bao gồm: CMND/CCCD, bằng lái xe cũ, đơn đề nghị, kết quả khám sức khỏe, v.v.).

3. **Yêu cầu có mặt**: **Có**, bạn phải đến trực tiếp để thực hiện toàn bộ thủ tục cấp lại bằng lái xe.

---

**Căn cứ pháp lý:**
- Điều 62 Khoản 2 Luật Giao thông đường bộ 36/2024/QH15
- Điều 60 Khoản 1 Luật Giao thông đường bộ 36/2024/QH15
- Điều 18 Khoản 8, 9 Nghị định 168/2024/NĐ-CP
- Điều 62 Khoản 6 Luật Giao thông đường bộ 36/2024/QH15",36-2024-QH15:d62;100-2019-ND-CP:d28;168-2024-ND-CP:d18;100-2019-ND-CP:d21;36-2024-QH15:d89;100-2019-ND-CP:d24;100-2019-ND-CP:d16;168-2024-ND-CP:d21;36-2024-QH15:d60;168-2024-ND-CP:d13,1,1.0
575,vi phạm tốc độ,Mấy bác cho em hỏi Xe em qua trạm thu phí Trảng Bom có biển “hết tất cả các lệnh cấm “ là em chạy tốc độ là 71km/h,36-2024-QH15:d12;36-2024-QH15:d11;168-2024-ND-CP:d6,"# TƯ VẤN PHÁP LUẬT - PHÂN TÍCH IRAC

## I. VẤN ĐỀ PHÁP LỰC CẦN GIẢI QUYẾT

Xe quý vị lưu thông qua trạm thu phí Trảng Bom với tốc độ 71 km/h khi có biển ""hết tất cả các lệnh cấm"". Câu hỏi đặt ra là: hành vi này có cấu thành vi phạm pháp luật giao thông đường bộ hay không?

## II. CĂN CỨ PHÁP LUẬT

**Căn cứ Điều 12 Khoản 1 Luật Giao thông đường bộ 36/2024/QH15:**
> ""Người lái xe, người điều khiển xe máy chuyên dùng phải chấp hành quy định về tốc độ, khoảng cách an toàn tối thiểu với xe phía trước cùng làn đường hoặc phần đường.""

**Căn cứ Điều 12 Khoản 2 Luật Giao thông đường bộ 36/2024/QH15:**
> ""Người điều khiển phương tiện tham gia giao thông đường bộ phải bảo đảm tốc độ phù hợp điều kiện của cầu, đường, mật độ giao thông, địa hình, thời tiết và các yếu tố ảnh hưởng khác để bảo đảm an toàn.""

**Căn cứ Điều 6 Khoản 1 điểm a Nghị định 168/2024/NĐ-CP:**
> ""Phạt tiền từ 400.000 đồng đến 600.000 đồng đối với người điều khiển xe không chấp hành hiệu lệnh, chỉ dẫn của biển báo hiệu, vạch kẻ đường...""

## III. PHÂN TÍCH ÁP DỤNG

**Về biển ""hết tất cả các lệnh cấm"":**

Biển báo hiệu này có tác dụng **hết hiệu lực tất cả các biển cấm trước đó** và là **tín hiệu để người điều khiển xe khôi phục tốc độ bình thường**. Tuy nhiên, điều này **KHÔNG có nghĩa là có thể chạy với bất kỳ tốc độ nào**.

**Về quy định tốc độ tại trạm thu phí:**

Theo Luật Giao thông đường bộ, mặc dù biển cấm đã ""hết"" nhưng người lái xe vẫn **phải tuân thủ quy định tốc độ pháp định cho từng loại đường** và **phải bảo đảm tốc độ phù hợp với điều kiện thực tế**.

Tốc độ 71 km/h tại **trạm thu phí là một khu vực công cộng tập trung đông người, có hoạt động giao thông phức tạp**. Theo Điều 12 Khoản 3 điểm e Luật Giao thông đường bộ, tại ""khu vực có trường học, bệnh viện, bến xe, công trình công cộng tập trung đông người"", người điều khiển phải giảm tốc độ để bảo đảm an toàn.

**Trạm thu phí Trảng Bom** được coi là **khu vực công cộng tập trung đông người** - nơi có nhân viên thu phí, xe dừng chờ, hành khách xuống/lên xe. Tốc độ 71 km/h tại nơi này là **quá cao** và không bảo đảm an toàn.

## IV. KẾT LUẬN

**Quý vị đã vi phạm pháp luật giao thông đường bộ.**

Mặc dù biển ""hết tất cả các lệnh cấm"" đã được thấy, nhưng điều đó **không miễn trừ cho quý vị trách nhiệm giảm tốc độ và tuân thủ quy định tốc độ thích hợp** tại khu vực trạm thu phí. Hành vi chạy với tốc độ 71 km/h tại đây cấu thành **vi phạm quy định bảo đảm tốc độ phù hợp điều kiện của đường** và có khả năng bị xử phạt theo Nghị định 168/2024/NĐ-CP.

**Tù khuyến cáo:** Tại các khu vực công cộng, trạm thu phí, luôn giảm tốc độ để bảo đảm an toàn dù có biển hết lệnh cấm. Pháp luật quy định tốc độ không phải là chỉ tiêu cố định mà phải **thích hợp với điều kiện thực tế**.

---

**Căn cứ pháp lý:** 
- Điều 12 Khoản 1, 2, 3 Luật Giao thông đường bộ 36/2024/QH15
- Điều 6 Khoản 1 Nghị định 168/2024/NĐ-CP",36-2024-QH15:d12;168-2024-ND-CP:d6;168-2024-ND-CP:d7;100-2019-ND-CP:d15;100-2019-ND-CP:d4;100-2019-ND-CP:d6;36-2024-QH15:d27;168-2024-ND-CP:d8;100-2019-ND-CP:d66;100-2019-ND-CP:d45,1,1.0
578,dừng đỗ xe,Anh em trong nhóm cho hỏi cam đoạn Nguyễn Thái Học giao Chu Văn An - Tôn Đức Thắng này có bắt lỗi dừng xe bên trái đường một chiều không ạ ?Em chót dừng xe ngay 68 Ngu,36-2024-QH15:d18;168-2024-ND-CP:d6,"# TƯ VẤN PHÁP LỤC: VI PHẠM QUY ĐỊNH DỪNG XE BÊN TRÁI ĐƯỜNG MỘT CHIỀU

## I. XÁC ĐỊNH VẤN ĐỀ PHÁP LỤ

Vấn đề cần giải quyết là: **Dừng xe tại vị trí 68 Nguyễn Thái Học - Chu Văn An - Tôn Đức Thắng (bên trái đường một chiều) có bị phạt vi phạm hay không?**

## II. CĂN CỨ PHÁP LUẬT

Căn cứ **Điều 18 Khoản 4 Điểm a Luật Giao thông đường bộ 36/2024/QH15**:

> ""Người điều khiển phương tiện tham gia giao thông đường bộ không được dừng xe, đỗ xe tại các vị trí sau đây:
> **a) Bên trái đường một chiều**""

Căn cứ **Điều 4 Khoản 2 Điểm b Nghị định 168/2024/ND-CP** (xử phạt vi phạm hành chính):

> ""Phạt tiền từ **2.000.000 đồng đến 3.000.000 đồng** đối với người điều khiển xe thực hiện hành vi... **dừng xe, đỗ xe tại vị trí: bên trái đường một chiều hoặc bên trái (theo hướng lưu thông) của đường đôi**""

## III. PHÂN TÍCH ÁP DỤNG

**1. Xác định loại đường**

Đoạn đường ""Nguyễn Thái Học - Chu Văn An - Tôn Đức Thắng"" là **đường một chiều**. Bên trái của đường một chiều là hướng **ngược chiều lưu thông**.

**2. Hành vi vi phạm**

Bạn đã thực hiện hành vi **""dừng xe ngay 68 Ngư""** (hiểu là dừng xe tại vị trí 68 Nguyễn Thái Học) trên **bên trái đường một chiều**. Đây là hành vi **rõ ràng vi phạm** quy định cấm dừng xe.

**3. Xác định mức xử phạt**

Hành vi này được phân loại ở **mức vi phạm cao nhất** trong nhóm vi phạm dừng/đỗ xe bất hợp pháp, do đó:
- **Mức phạt tiền: 2.000.000 - 3.000.000 đồng**
- **Có thể bị tước quyền sử dụng Giấy phép lái xe** từ 1-3 tháng (nếu là hành vi lặp lại)

## IV. KẾT LUẬN

**CÓ** - Dừng xe bên trái đường một chiều là **vi phạm pháp luật giao thông** bị **cấm tuyệt đối**. Nếu bị lực lượng chức năng phát hiện, bạn sẽ bị phạt tiền từ **2 - 3 triệu đồng**.

**Lời khuyên:** Không dừng xe tại vị trí này. Nếu cần dừng, hãy di chuyển sang bên phải đường (theo chiều lưu thông) và dừng tại nơi được phép theo quy định của pháp luật.

---

**Căn cứ pháp lý:** Điều 18 Khoản 4 Điểm a Luật Giao thông đường bộ 36/2024/QH15; Điều 4 Khoản 2 Điểm b Nghị định 168/2024/ND-CP.",36-2024-QH15:d18;168-2024-ND-CP:d6;100-2019-ND-CP:d5;168-2024-ND-CP:d8;100-2019-ND-CP:d6;168-2024-ND-CP:d9;100-2019-ND-CP:d8;36-2024-QH15:d25;100-2019-ND-CP:d41;100-2019-ND-CP:d26,1,1.0
592,ngược chiều,Các bác cho e hỏi e chạy như này có sai không ạ. Csgt nói e đi ngược chiều khi không có người điều khiển giao thông ạ. Tại huyện lẻ của tỉnh sơn la ạ. Xe trước không bắt xe sau không bắt mà bắt đúng xe e ạ.,168-2024-ND-CP:d7;36-2024-QH15:d9,"# TƯ VẤN PHÁP LUẬT - PHÂN TÍCH IRAC

## I. XÁC ĐỊNH VẤN ĐỀ PHÁP LỰ

Vấn đề đặt ra là: **Bạn điều khiển xe đi ngược chiều khi không có người điều khiển giao thông có sai phạm pháp luật hay không? Và liệu việc không xử lý các xe khác có cùng hành vi có phải là lý do để miễn trách nhiệm?**

---

## II. CĂN CỨ PHÁP LUẬT

**Căn cứ Điều 7 Khoản 7 Điểm a Nghị định 168/2024/NĐ-CP** (Luat Trật tự, An toàn giao thông đường bộ):

> ""Phạt tiền từ 4.000.000 đồng đến 6.000.000 đồng đối với người điều khiển xe thực hiện hành vi **đi ngược chiều của đường một chiều, đi ngược chiều trên đường có biển ""Cấm đi ngược chiều""**, trừ hành vi vi phạm quy định tại điểm b khoản này và các trường hợp xe ưu tiên đang đi làm nhiệm vụ khẩn cấp theo quy định""

**Căn cứ Điều 3 Khoản 4 Luật 36/2024/QH15**:

> ""Người tham gia giao thông đường bộ phải chấp hành các quy định của pháp luật về trật tự, an toàn giao thông đường bộ và quy định khác của pháp luật có liên quan, **có trách nhiệm giữ an toàn cho mình và cho người khác**""

**Căn cứ Điều 3 Khoản 5 Luật 36/2024/QH15**:

> ""Mọi hành vi vi phạm pháp luật về trật tự, an toàn giao thông đường bộ phải được **phát hiện, ngăn chặn kịp thời và phải bị xử lý nghiêm minh theo quy định của pháp luật**""

---

## III. PHÂN TÍCH ÁP DỤNG

### 1. **Hành vi đi ngược chiều là vi phạm pháp luật độc lập**

Pháp luật quy định rõ ràng rằng **đi ngược chiều trên đường bộ là hành vi vi phạm**, bất kể những người khác có thực hiện hay không. Trách nhiệm pháp lý của bạn **không phụ thuộc vào hành vi của những người khác**.

Khi bạn điều khiển xe đi ngược chiều, bạn đang vi phạm Điều 7 Khoản 7 Điểm a Nghị định 168/2024/NĐ-CP, dù rằng:
- Không có người điều khiển giao thông hiện diện
- Có xe khác cũng thực hiện hành vi tương tự

### 2. **Lý do ""không có người điều khiển giao thông"" không miễn trách nhiệm**

Theo quy định pháp luật, **việc không có cảnh sát giao thông hoặc người điều khiển giao thông tại nơi xảy ra không phải là lý do hợp pháp để vi phạm**. Bạn vẫn phải tuân thủ:
- Các biển báo hiệu giao thông
- Các vạch kẻ đường
- Các quy định về chiều đi

Người lái xe có **trách nhiệm tự giác tuân thủ luật** dù có giám sát hay không.

### 3. **Vấn đề ""bắt xe e mà không bắt xe khác"" không có giá trị pháp lý**

Sự không bình đẳng trong xử lý vi phạm của cơ quan chức năng:
- **Không phải là lý do để bạn vi phạm pháp luật**
- Nếu bạn cho rằng bị xử lý không công bằng, bạn có quyền **khiếu nại, khiếu kiện** theo quy định của pháp luật
- Nhưng điều này **không miễn trách nhiệm cho hành vi vi phạm của bạn**

---

## IV. KẾT LUẬN

**CÓ, bạn đã sai vi phạm pháp luật.** 

Hành động đi ngược chiều của bạn là vi phạm rõ ràng, dù:
- ✗ Không có người điều khiển giao thông tại hiện trường
- ✗ Có những xe khác cũng thực hiện hành vi tương tự nhưng không bị bắt

**Bạn phải chịu trách nhiệm xử phạt theo Điều 7 Khoản 7 Điểm a Nghị định 168/2024/NĐ-CP: phạt tiền từ 4.000.000 đến 6.000.000 đồng.**

Nếu bạn cho rằng bị xử lý không công bằng so với các xe khác, **hãy yêu cầu cơ quan chức năng giải thích hoặc khiếu nại quyết định xử phạt** tại cơ quan công an nơi lập biên bản vi phạm.

---

**Căn cứ pháp lý:** 
- Điều 7 Khoản 7 Điểm a Nghị định 168/2024/NĐ-CP
- Điều 3 Khoản 4, 5 Luật 36/2024/QH15",36-2024-QH15:d1;36-2024-QH15:d2;36-2024-QH15:d3;168-2024-ND-CP:d7;100-2019-ND-CP:d8;36-2024-QH15:d75;100-2019-ND-CP:d6;36-2024-QH15:d74;168-2024-ND-CP:d27;168-2024-ND-CP:d38,1,0.25
602,nồng độ cồn,Mn cho mình hỏi. Là mình bị thổi nồng độ cồn. 0.997 xe chính chủ.. mà mình ko đưa giấy tờ gì hết. Mình chỉ đọc tên ngày tháng năm sinh. Vậy tiền phạt bao nhiêu vậy ah. Và bỏ xe đc ko ah. Xin cảm ơn add duyệt bài với ah,168-2024-ND-CP:d7;168-2024-ND-CP:d48;168-2024-ND-CP:d5,"# TƯ VẤN PHÁP LUẬT: PHẠT TIỀN VÀ TỴ CHU PHƯƠNG TIỆN VỀ VI PHẠM NỒNG ĐỘ CỒN

## I. XÁC ĐỊNH VẤN ĐỀ PHÁP LỤC

Bạn là người điều khiển phương tiện (xe chính chủ) bị phát hiện nồng độ cồn **0,997 mg/1L khí thở** mà không xuất trình giấy tờ gì (chỉ đọc tên, ngày tháng năm sinh). Cần xác định:
- Mức phạt tiền cụ thể bao nhiêu?
- Có bị tịch thu phương tiện hay không?

---

## II. CĂN CỨ PHÁP LUẬT

**1. Về mức phạt nồng độ cồn:**

Căn cứ **Điều 7 Khoản 6 Nghị định 168/2024/ND-CP**, hành vi ""Điều khiển xe trên đường mà trong máu hoặc hơi thở có nồng độ cồn nhưng chưa vượt quá 50 miligam/100 mililít máu hoặc chưa vượt quá **0,25 miligam/1 lít khí thở**"" bị phạt tiền từ **2.000.000 đồng đến 3.000.000 đồng**.

**2. Về xử lý khi không xuất trình giấy tờ:**

Căn cứ **Điều 48 Khoản 3 Nghị định 168/2024/ND-CP**, khi người điều khiển phương tiện không xuất trình được giấy phép lái xe, giấy đăng ký xe, hoặc giấy chứng nhận kiểm định an toàn kỹ thuật:
- Lập biên bản vi phạm đối với người điều khiển về hành vi **""không có giấy tờ""**
- Lập biên bản vi phạm đối với chủ phương tiện
- **Tạm giữ phương tiện** theo quy định

**3. Về tịch thu phương tiện:**

Căn cứ **Điều 7 Khoản 11 Nghị định 168/2024/ND-CP**, tịch thu phương tiện chỉ áp dụng đối với các hành vi vi phạm cụ thể (buông cả hai tay, dùng chân, ngồi về một bên, lạng lách, đánh võng, v.v.). **Hành vi nồng độ cồn vượt quá 0,25 mg/1L khí thở KHÔNG nằm trong trường hợp tịch thu**.

---

## III. PHÂN TÍCH PHÁP LỤC TỪNG VẤN ĐỀ

### **A. Nồng độ cồn 0,997 mg/1L khí thở rơi vào mức phạt nào?**

Nồng độ cồn 0,997 mg/1L khí thở của bạn **""chưa vượt quá 0,25 miligam/1 lít khí thở""** là KHÔNG CHÍNH XÁC. 

Thực tế, 0,997 mg/1L **vượt quá 0,25 mg/1L**, và bạn cần xác định mức nào:

- **Nếu từ 0,25 đến 0,4 mg/1L**: Căn cứ **Điều 7 Khoản 8 Nghị định 168/2024/ND-CP**, phạt từ **6.000.000 đến 8.000.000 đồng**, kèm **tước quyền sử dụng GPLX từ 22-24 tháng** (Điều 7 Khoản 12 điểm c).

- **Nếu vượt quá 0,4 mg/1L**: Căn cứ **Điều 7 Khoản 9 Khoản 4 điểm d Nghị định 168/2024/ND-CP**, phạt từ **8.000.000 đến 10.000.000 đồng**, kèm **tước quyền sử dụng GPLX từ 22-24 tháng**.

**Số 0,997 mg/1L vượt quá 0,4 mg/1L**, nên bạn rơi vào **mức phạt từ 8-10 triệu đồng**.

### **B. Không xuất trình giấy tờ - Mức phạt bổ sung?**

Theo Điều 48 Khoản 3, vì bạn không xuất trình giấy tờ, cơ quan chức năng lập biên bản về hành vi **""không có giấy tờ""**. Tuy nhiên, nếu **trong thời hạn hẹn đến giải quyết** mà bạn xuất trình được giấy tờ thì **không bị xử phạt thêm** về hành vi này (Điều 48 Khoản 3 điểm c).

Nếu **quá hạn vẫn không xuất trình**, bạn sẽ bị xử phạt theo quy định về hành vi không mang giấy tờ.

### **C. Có bị tịch thu phương tiện?**

**KHÔNG tịch thu phương tiện** vì hành vi vi phạm nồng độ cồn không nằm trong các hành vi quy định tại Điều 7 Khoản 11 (tịch thu chỉ áp dụng cho các hành vi như buông cả hai tay, lạng lách, đánh võng, v.v.).

Tuy nhiên, **phương tiện của bạn sẽ bị TẠM GIỮ** theo Điều 48 Khoản 1 để ngăn chặn hành vi vi phạm, cho đến khi có quyết định xử phạt cuối cùng.

---

## IV. KẾT LUẬN

| Vấn đề | Kết luận |
|--------|---------|
| **Mức phạt tiền** | **Từ 8.000.000 đến 10.000.000 đồng** (vì nồng độ cồn 0,997 mg/1L vượt quá 0,4 mg/1L) |
| **Tước GPLX** | **Từ 22 đến 24 tháng** |
| **Tịch thu xe** | **KHÔNG tịch thu** |
| **Tạm giữ xe** | **CÓ tạm giữ** cho đến khi ra quyết định xử phạt (tối đa 7 ngày theo quy định) |
| **Giấy tờ không xuất trình** | Nếu xuất trình trong thời hạn hẹn → không bị phạt thêm; nếu quá hạn → bị phạt hành vi không mang giấy tờ |

---

## V. LƯU Ý QUAN TRỌNG

Bạn cần **nhanh chóng xuất trình giấy phép lái xe, giấy đăng ký xe, giấy kiểm định** trong thời hạn được cơ quan cảnh sát giao thông hẹn (ghi trong biên bản vi phạm) để tránh bị xử phạt thêm về hành vi không mang giấy tờ.

---

**Căn cứ pháp lý:** Điều 7 Khoản 6, 8, 9, 11, 12 Nghị định 168/2024/ND-CP; Điều 48 Khoản 1, 3 Nghị định 168/2024/ND-CP.",36-2024-QH15:d1;36-2024-QH15:d2;36-2024-QH15:d3;168-2024-ND-CP:d7;100-2019-ND-CP:d82;59-2020-QH14:d153;36-2024-QH15:d9;100-2019-ND-CP:d63;168-2024-ND-CP:d48;168-2025-ND:d3,1,0.25
654,cao tốc,Ô tô chuyển làn không xi nhan trên đường cao tốc bị phạt bao nhiêu?,168-2024-ND-CP:d6;36-2024-QH15:d25,"# TƯ VẤN PHÁP LUẬT: PHẠT CHUYỂN LÀN KHÔNG XI NHAN TRÊN ĐƯỜNG CAO TỐC

## I. XÁC ĐỊNH VẤN ĐỀ PHÁP LÝ

Vấn đề pháp lý cần giải quyết là: **Mức phạt tiền đối với hành vi chuyển làn đường không có tín hiệu báo trước (không xi nhan) trên đường cao tốc là bao nhiêu?**

---

## II. CĂN CỨ PHÁP LUẬT

**Căn cứ Điều 8 Khoản 6 Điểm h Nghị định 168/2024/ND-CP** (quy định về xử phạt lỗi vi phạm hành chính trong lĩnh vực giao thông đường bộ đối với ô tô):

> ""Phạt tiền từ **3.000.000 đồng đến 5.000.000 đồng** đối với người điều khiển xe thực hiện một trong các hành vi vi phạm sau đây:
> 
> h) **Chuyển làn đường không đúng nơi cho phép hoặc không có tín hiệu báo trước khi chạy trên đường cao tốc hoặc chuyển làn đường không đúng quy định ""mỗi lần chuyển làn đường chỉ được phép chuyển sang một làn đường liền kề""**""

**Căn cứ Điều 25 Khoản 1 Luật Trật tự, an toàn giao thông đường bộ 36/2024/QH15**:

> ""Người lái xe, người điều khiển xe máy chuyên dùng trên đường cao tốc phải tuân thủ quy tắc giao thông đường bộ sau đây...""

---

## III. PHÂN TÍCH ÁP DỤNG

### 1. **Xác định hành vi vi phạm**

Chuyển làn đường không có tín hiệu báo trước (không xi nhan) trên đường cao tốc là hành vi **vi phạm quy tắc giao thông an toàn trên đường cao tốc**. 

Hành vi này là **nguy hiểm** vì:
- Người điều khiển xe không báo hiệu rõ ràng cho các xe khác biết về ý định chuyển làn
- Dễ gây ra **va chạm hoặc tai nạn giao thông** trên đường cao tốc nơi xe chạy với tốc độ cao
- Ảnh hưởng trực tiếp đến **an toàn của người tham gia giao thông**

### 2. **Áp dụng mức phạt**

Theo Điều 8 Khoản 6 Điểm h Nghị định 168/2024/ND-CP, hành vi này **rơi vào mức phạt cao nhất so với các hành vi vi phạm khác** liên quan đến chuyển làn đường:

- **Trên đường thường**: chuyển làn không xi nhan bị phạt 200.000 - 400.000 đồng (Điều 7 Khoản 1 Điểm e)
- **Trên đường cao tốc**: chuyển làn không xi nhan bị phạt **3.000.000 - 5.000.000 đồng** (Điều 8 Khoản 6 Điểm h)

**Lý do tăng mức phạt**: Đường cao tốc là tuyến đường có tốc độ cao, mật độ giao thông lớn, nên nguy hiểm gây tai nạn cao hơn. Pháp luật quy định mức phạt cao hơn để **ngăn chặn, phòng ngừa** hành vi vi phạm này.

### 3. **Các hình thức xử phạt bổ sung**

Ngoài phạt tiền, người vi phạm còn bị **trừ điểm giấy phép lái xe**:

**Căn cứ Điều 8 Khoản 6 Điểm h Nghị định 168/2024/ND-CP** (áp dụng quy định về trừ điểm tại Điều 7 của Nghị định này), hành vi chuyển làn không xi nhan trên đường cao tốc không được liệt kê trong các điểm cần trừ điểm. Tuy nhiên, nếu hành vi này **gây tai nạn giao thông**, sẽ bị áp dụng mức phạt cao hơn.

---

## IV. KẾT LUẬN

**Ô tô chuyển làn đường không xi nhan trên đường cao tốc bị phạt tiền từ 3.000.000 đồng đến 5.000.000 đồng.**

Đây là mức phạt áp dụng khi hành vi vi phạm được phát hiện trong điều kiện bình thường. Nếu hành vi này **gây ra tai nạn giao thông**, mức phạt sẽ cao hơn (lên đến 14.000.000 - 16.000.000 đồng) theo quy định của Điều 8 Khoản 8 Nghị định 168/2024/ND-CP.

---

**Căn cứ pháp lý:**
- Điều 8 Khoản 6 Điểm h Nghị định 168/2024/ND-CP
- Điều 25 Khoản 1 Luật Trật tự, an toàn giao thông đường bộ 36/2024/QH15",36-2024-QH15:d1;36-2024-QH15:d2;36-2024-QH15:d3;168-2024-ND-CP:d7;168-2024-ND-CP:d8;100-2019-ND-CP:d6;36-2024-QH15:d25;100-2019-ND-CP:d9;168-2024-ND-CP:d20;100-2019-ND-CP:d10,1,0.1429
